time_key,hour,minute,timeslot
1900-01-01 07:06:11,7,6,morning
1900-01-01 07:08:56,7,8,morning
1900-01-01 07:14:04,7,14,morning
1900-01-01 07:20:24,7,20,morning
1900-01-01 07:22:41,7,22,morning
1900-01-01 07:25:49,7,25,morning
1900-01-01 07:33:34,7,33,morning
1900-01-01 07:39:13,7,39,morning
1900-01-01 07:39:34,7,39,morning
1900-01-01 07:43:05,7,43,morning
1900-01-01 07:44:35,7,44,morning
1900-01-01 07:45:51,7,45,morning
1900-01-01 07:48:19,7,48,morning
1900-01-01 07:52:36,7,52,morning
1900-01-01 07:59:58,7,59,morning
1900-01-01 08:00:18,8,0,morning
1900-01-01 08:00:39,8,0,morning
1900-01-01 08:11:45,8,11,morning
1900-01-01 08:17:27,8,17,morning
1900-01-01 08:24:26,8,24,morning
1900-01-01 08:29:38,8,29,morning
1900-01-01 08:31:23,8,31,morning
1900-01-01 08:33:08,8,33,morning
1900-01-01 08:35:03,8,35,morning
1900-01-01 08:41:57,8,41,morning
1900-01-01 08:52:03,8,52,morning
1900-01-01 08:52:32,8,52,morning
1900-01-01 08:54:33,8,54,morning
1900-01-01 08:56:27,8,56,morning
1900-01-01 08:57:46,8,57,morning
1900-01-01 08:58:55,8,58,morning
1900-01-01 09:00:12,9,0,morning
1900-01-01 09:00:24,9,0,morning
1900-01-01 09:07:13,9,7,morning
1900-01-01 09:08:09,9,8,morning
1900-01-01 09:08:13,9,8,morning
1900-01-01 09:10:30,9,10,morning
1900-01-01 09:11:06,9,11,morning
1900-01-01 09:13:01,9,13,morning
1900-01-01 09:13:15,9,13,morning
1900-01-01 09:14:16,9,14,morning
1900-01-01 09:14:17,9,14,morning
1900-01-01 09:14:25,9,14,morning
1900-01-01 09:14:41,9,14,morning
1900-01-01 09:15:09,9,15,morning
1900-01-01 09:15:13,9,15,morning
1900-01-01 09:19:21,9,19,morning
1900-01-01 09:19:26,9,19,morning
1900-01-01 09:21:08,9,21,morning
1900-01-01 09:22:17,9,22,morning
1900-01-01 09:22:46,9,22,morning
1900-01-01 09:29:56,9,29,morning
1900-01-01 09:29:57,9,29,morning
1900-01-01 09:34:17,9,34,morning
1900-01-01 09:40:13,9,40,morning
1900-01-01 09:41:22,9,41,morning
1900-01-01 09:44:20,9,44,morning
1900-01-01 09:44:46,9,44,morning
1900-01-01 09:46:46,9,46,morning
1900-01-01 09:47:40,9,47,morning
1900-01-01 09:50:44,9,50,morning
1900-01-01 09:52:58,9,52,morning
1900-01-01 09:53:28,9,53,morning
1900-01-01 09:53:44,9,53,morning
1900-01-01 09:53:49,9,53,morning
1900-01-01 09:54:46,9,54,morning
1900-01-01 09:55:16,9,55,morning
1900-01-01 09:56:30,9,56,morning
1900-01-01 10:00:39,10,0,morning
1900-01-01 10:03:55,10,3,morning
1900-01-01 10:14:49,10,14,morning
1900-01-01 10:16:30,10,16,morning
1900-01-01 10:16:33,10,16,morning
1900-01-01 10:18:14,10,18,morning
1900-01-01 10:18:52,10,18,morning
1900-01-01 10:19:42,10,19,morning
1900-01-01 10:24:19,10,24,morning
1900-01-01 10:25:22,10,25,morning
1900-01-01 10:25:45,10,25,morning
1900-01-01 10:27:48,10,27,morning
1900-01-01 10:30:07,10,30,morning
1900-01-01 10:35:47,10,35,morning
1900-01-01 10:41:53,10,41,morning
1900-01-01 10:47:53,10,47,morning
1900-01-01 10:49:13,10,49,morning
1900-01-01 10:49:51,10,49,morning
1900-01-01 10:51:17,10,51,morning
1900-01-01 10:52:44,10,52,morning
1900-01-01 10:56:14,10,56,morning
1900-01-01 11:01:48,11,1,morning
1900-01-01 11:01:58,11,1,morning
1900-01-01 11:03:25,11,3,morning
1900-01-01 11:04:32,11,4,morning
1900-01-01 11:08:11,11,8,morning
1900-01-01 11:08:59,11,8,morning
1900-01-01 11:09:01,11,9,morning
1900-01-01 11:10:21,11,10,morning
1900-01-01 11:10:58,11,10,morning
1900-01-01 11:12:29,11,12,morning
1900-01-01 11:16:02,11,16,morning
1900-01-01 11:21:00,11,21,morning
1900-01-01 11:21:04,11,21,morning
1900-01-01 11:21:14,11,21,morning
1900-01-01 11:23:01,11,23,morning
1900-01-01 11:23:43,11,23,morning
1900-01-01 11:25:35,11,25,morning
1900-01-01 11:25:37,11,25,morning
1900-01-01 11:28:15,11,28,morning
1900-01-01 11:28:29,11,28,morning
1900-01-01 11:29:25,11,29,morning
1900-01-01 11:29:57,11,29,morning
1900-01-01 11:30:22,11,30,morning
1900-01-01 11:31:35,11,31,morning
1900-01-01 11:31:43,11,31,morning
1900-01-01 11:31:53,11,31,morning
1900-01-01 11:39:14,11,39,morning
1900-01-01 11:40:26,11,40,morning
1900-01-01 11:43:57,11,43,morning
1900-01-01 11:44:09,11,44,morning
1900-01-01 11:47:13,11,47,morning
1900-01-01 11:48:56,11,48,morning
1900-01-01 11:49:42,11,49,morning
1900-01-01 11:50:16,11,50,morning
1900-01-01 11:50:23,11,50,morning
1900-01-01 11:50:58,11,50,morning
1900-01-01 11:51:30,11,51,morning
1900-01-01 11:52:31,11,52,morning
1900-01-01 11:57:17,11,57,morning
1900-01-01 11:57:59,11,57,morning
1900-01-01 11:58:15,11,58,morning
1900-01-01 12:00:20,12,0,afternoon
1900-01-01 12:01:00,12,1,afternoon
1900-01-01 12:01:20,12,1,afternoon
1900-01-01 12:03:09,12,3,afternoon
1900-01-01 12:03:38,12,3,afternoon
1900-01-01 12:03:43,12,3,afternoon
1900-01-01 12:04:22,12,4,afternoon
1900-01-01 12:05:31,12,5,afternoon
1900-01-01 12:06:29,12,6,afternoon
1900-01-01 12:07:42,12,7,afternoon
1900-01-01 12:08:21,12,8,afternoon
1900-01-01 12:08:36,12,8,afternoon
1900-01-01 12:09:11,12,9,afternoon
1900-01-01 12:09:12,12,9,afternoon
1900-01-01 12:13:07,12,13,afternoon
1900-01-01 12:14:26,12,14,afternoon
1900-01-01 12:17:38,12,17,afternoon
1900-01-01 12:18:07,12,18,afternoon
1900-01-01 12:18:44,12,18,afternoon
1900-01-01 12:20:16,12,20,afternoon
1900-01-01 12:23:39,12,23,afternoon
1900-01-01 12:27:06,12,27,afternoon
1900-01-01 12:30:46,12,30,afternoon
1900-01-01 12:30:49,12,30,afternoon
1900-01-01 12:33:20,12,33,afternoon
1900-01-01 12:33:35,12,33,afternoon
1900-01-01 12:35:53,12,35,afternoon
1900-01-01 12:36:57,12,36,afternoon
1900-01-01 12:38:28,12,38,afternoon
1900-01-01 12:42:26,12,42,afternoon
1900-01-01 12:44:01,12,44,afternoon
1900-01-01 12:44:31,12,44,afternoon
1900-01-01 12:44:32,12,44,afternoon
1900-01-01 12:45:52,12,45,afternoon
1900-01-01 12:46:22,12,46,afternoon
1900-01-01 12:46:26,12,46,afternoon
1900-01-01 12:46:55,12,46,afternoon
1900-01-01 12:48:08,12,48,afternoon
1900-01-01 12:49:48,12,49,afternoon
1900-01-01 12:50:15,12,50,afternoon
1900-01-01 12:50:28,12,50,afternoon
1900-01-01 12:51:21,12,51,afternoon
1900-01-01 12:51:57,12,51,afternoon
1900-01-01 12:52:18,12,52,afternoon
1900-01-01 12:53:11,12,53,afternoon
1900-01-01 12:53:59,12,53,afternoon
1900-01-01 12:55:25,12,55,afternoon
1900-01-01 12:55:27,12,55,afternoon
1900-01-01 12:55:36,12,55,afternoon
1900-01-01 12:55:53,12,55,afternoon
1900-01-01 12:56:33,12,56,afternoon
1900-01-01 12:56:59,12,56,afternoon
1900-01-01 12:58:54,12,58,afternoon
1900-01-01 12:59:06,12,59,afternoon
1900-01-01 13:00:38,13,0,afternoon
1900-01-01 13:01:33,13,1,afternoon
1900-01-01 13:02:40,13,2,afternoon
1900-01-01 13:02:52,13,2,afternoon
1900-01-01 13:03:13,13,3,afternoon
1900-01-01 13:04:01,13,4,afternoon
1900-01-01 13:04:22,13,4,afternoon
1900-01-01 13:04:37,13,4,afternoon
1900-01-01 13:04:51,13,4,afternoon
1900-01-01 13:05:56,13,5,afternoon
1900-01-01 13:07:37,13,7,afternoon
1900-01-01 13:09:03,13,9,afternoon
1900-01-01 13:12:03,13,12,afternoon
1900-01-01 13:13:09,13,13,afternoon
1900-01-01 13:17:30,13,17,afternoon
1900-01-01 13:17:32,13,17,afternoon
1900-01-01 13:18:34,13,18,afternoon
1900-01-01 13:19:09,13,19,afternoon
1900-01-01 13:19:36,13,19,afternoon
1900-01-01 13:19:56,13,19,afternoon
1900-01-01 13:20:51,13,20,afternoon
1900-01-01 13:21:23,13,21,afternoon
1900-01-01 13:22:11,13,22,afternoon
1900-01-01 13:22:45,13,22,afternoon
1900-01-01 13:23:54,13,23,afternoon
1900-01-01 13:24:29,13,24,afternoon
1900-01-01 13:30:49,13,30,afternoon
1900-01-01 13:32:07,13,32,afternoon
1900-01-01 13:32:34,13,32,afternoon
1900-01-01 13:34:12,13,34,afternoon
1900-01-01 13:38:09,13,38,afternoon
1900-01-01 13:38:11,13,38,afternoon
1900-01-01 13:39:41,13,39,afternoon
1900-01-01 13:40:47,13,40,afternoon
1900-01-01 13:41:09,13,41,afternoon
1900-01-01 13:42:10,13,42,afternoon
1900-01-01 13:42:49,13,42,afternoon
1900-01-01 13:42:58,13,42,afternoon
1900-01-01 13:43:18,13,43,afternoon
1900-01-01 13:43:41,13,43,afternoon
1900-01-01 13:44:26,13,44,afternoon
1900-01-01 13:47:51,13,47,afternoon
1900-01-01 13:49:03,13,49,afternoon
1900-01-01 13:50:09,13,50,afternoon
1900-01-01 13:50:47,13,50,afternoon
1900-01-01 13:51:56,13,51,afternoon
1900-01-01 13:53:04,13,53,afternoon
1900-01-01 13:53:31,13,53,afternoon
1900-01-01 13:54:18,13,54,afternoon
1900-01-01 13:55:04,13,55,afternoon
1900-01-01 13:55:50,13,55,afternoon
1900-01-01 13:56:15,13,56,afternoon
1900-01-01 13:56:24,13,56,afternoon
1900-01-01 13:57:34,13,57,afternoon
1900-01-01 13:58:10,13,58,afternoon
1900-01-01 13:58:11,13,58,afternoon
1900-01-01 13:59:58,13,59,afternoon
1900-01-01 14:03:34,14,3,afternoon
1900-01-01 14:03:41,14,3,afternoon
1900-01-01 14:07:12,14,7,afternoon
1900-01-01 14:07:56,14,7,afternoon
1900-01-01 14:08:03,14,8,afternoon
1900-01-01 14:11:14,14,11,afternoon
1900-01-01 14:13:28,14,13,afternoon
1900-01-01 14:19:57,14,19,afternoon
1900-01-01 14:20:06,14,20,afternoon
1900-01-01 14:20:08,14,20,afternoon
1900-01-01 14:22:01,14,22,afternoon
1900-01-01 14:22:38,14,22,afternoon
1900-01-01 14:23:28,14,23,afternoon
1900-01-01 14:24:55,14,24,afternoon
1900-01-01 14:25:32,14,25,afternoon
1900-01-01 14:25:39,14,25,afternoon
1900-01-01 14:26:36,14,26,afternoon
1900-01-01 14:29:05,14,29,afternoon
1900-01-01 14:29:50,14,29,afternoon
1900-01-01 14:30:51,14,30,afternoon
1900-01-01 14:30:58,14,30,afternoon
1900-01-01 14:31:26,14,31,afternoon
1900-01-01 14:32:20,14,32,afternoon
1900-01-01 14:32:42,14,32,afternoon
1900-01-01 14:32:54,14,32,afternoon
1900-01-01 14:35:47,14,35,afternoon
1900-01-01 14:36:23,14,36,afternoon
1900-01-01 14:36:35,14,36,afternoon
1900-01-01 14:37:48,14,37,afternoon
1900-01-01 14:39:06,14,39,afternoon
1900-01-01 14:39:48,14,39,afternoon
1900-01-01 14:42:39,14,42,afternoon
1900-01-01 14:43:13,14,43,afternoon
1900-01-01 14:45:31,14,45,afternoon
1900-01-01 14:46:09,14,46,afternoon
1900-01-01 14:47:29,14,47,afternoon
1900-01-01 14:49:49,14,49,afternoon
1900-01-01 14:51:19,14,51,afternoon
1900-01-01 14:55:34,14,55,afternoon
1900-01-01 14:58:07,14,58,afternoon
1900-01-01 14:58:35,14,58,afternoon
1900-01-01 15:02:04,15,2,afternoon
1900-01-01 15:02:28,15,2,afternoon
1900-01-01 15:06:27,15,6,afternoon
1900-01-01 15:08:28,15,8,afternoon
1900-01-01 15:09:37,15,9,afternoon
1900-01-01 15:09:54,15,9,afternoon
1900-01-01 15:10:10,15,10,afternoon
1900-01-01 15:12:22,15,12,afternoon
1900-01-01 15:12:54,15,12,afternoon
1900-01-01 15:14:19,15,14,afternoon
1900-01-01 15:16:37,15,16,afternoon
1900-01-01 15:18:56,15,18,afternoon
1900-01-01 15:19:34,15,19,afternoon
1900-01-01 15:21:05,15,21,afternoon
1900-01-01 15:22:11,15,22,afternoon
1900-01-01 15:24:01,15,24,afternoon
1900-01-01 15:25:09,15,25,afternoon
1900-01-01 15:27:11,15,27,afternoon
1900-01-01 15:28:29,15,28,afternoon
1900-01-01 15:28:54,15,28,afternoon
1900-01-01 15:29:24,15,29,afternoon
1900-01-01 15:30:16,15,30,afternoon
1900-01-01 15:30:27,15,30,afternoon
1900-01-01 15:30:58,15,30,afternoon
1900-01-01 15:33:36,15,33,afternoon
1900-01-01 15:34:10,15,34,afternoon
1900-01-01 15:36:59,15,36,afternoon
1900-01-01 15:39:44,15,39,afternoon
1900-01-01 15:42:20,15,42,afternoon
1900-01-01 15:45:16,15,45,afternoon
1900-01-01 15:46:34,15,46,afternoon
1900-01-01 15:51:15,15,51,afternoon
1900-01-01 15:52:23,15,52,afternoon
1900-01-01 15:53:55,15,53,afternoon
1900-01-01 15:55:45,15,55,afternoon
1900-01-01 15:55:50,15,55,afternoon
1900-01-01 15:58:55,15,58,afternoon
1900-01-01 16:00:23,16,0,afternoon
1900-01-01 16:02:07,16,2,afternoon
1900-01-01 16:03:30,16,3,afternoon
1900-01-01 16:03:54,16,3,afternoon
1900-01-01 16:04:10,16,4,afternoon
1900-01-01 16:06:04,16,6,afternoon
1900-01-01 16:07:20,16,7,afternoon
1900-01-01 16:08:59,16,8,afternoon
1900-01-01 16:10:37,16,10,afternoon
1900-01-01 16:12:00,16,12,afternoon
1900-01-01 16:17:06,16,17,afternoon
1900-01-01 16:17:52,16,17,afternoon
1900-01-01 16:19:00,16,19,afternoon
1900-01-01 16:19:17,16,19,afternoon
1900-01-01 16:19:26,16,19,afternoon
1900-01-01 16:20:07,16,20,afternoon
1900-01-01 16:22:07,16,22,afternoon
1900-01-01 16:22:38,16,22,afternoon
1900-01-01 16:25:28,16,25,afternoon
1900-01-01 16:27:42,16,27,afternoon
1900-01-01 16:28:00,16,28,afternoon
1900-01-01 16:28:57,16,28,afternoon
1900-01-01 16:29:36,16,29,afternoon
1900-01-01 16:30:12,16,30,afternoon
1900-01-01 16:33:35,16,33,afternoon
1900-01-01 16:35:11,16,35,afternoon
1900-01-01 16:39:24,16,39,afternoon
1900-01-01 16:39:27,16,39,afternoon
1900-01-01 16:40:18,16,40,afternoon
1900-01-01 16:40:19,16,40,afternoon
1900-01-01 16:41:51,16,41,afternoon
1900-01-01 16:43:33,16,43,afternoon
1900-01-01 16:44:46,16,44,afternoon
1900-01-01 16:47:05,16,47,afternoon
1900-01-01 16:48:31,16,48,afternoon
1900-01-01 16:49:19,16,49,afternoon
1900-01-01 16:49:38,16,49,afternoon
1900-01-01 16:52:13,16,52,afternoon
1900-01-01 16:52:51,16,52,afternoon
1900-01-01 16:56:48,16,56,afternoon
1900-01-01 16:58:42,16,58,afternoon
1900-01-01 17:01:03,17,1,evening
1900-01-01 17:01:31,17,1,evening
1900-01-01 17:03:21,17,3,evening
1900-01-01 17:05:44,17,5,evening
1900-01-01 17:09:18,17,9,evening
1900-01-01 17:10:34,17,10,evening
1900-01-01 17:10:35,17,10,evening
1900-01-01 17:11:58,17,11,evening
1900-01-01 17:13:17,17,13,evening
1900-01-01 17:16:17,17,16,evening
1900-01-01 17:17:19,17,17,evening
1900-01-01 17:17:22,17,17,evening
1900-01-01 17:18:36,17,18,evening
1900-01-01 17:19:08,17,19,evening
1900-01-01 17:19:11,17,19,evening
1900-01-01 17:19:28,17,19,evening
1900-01-01 17:19:49,17,19,evening
1900-01-01 17:20:02,17,20,evening
1900-01-01 17:22:36,17,22,evening
1900-01-01 17:23:03,17,23,evening
1900-01-01 17:23:04,17,23,evening
1900-01-01 17:25:45,17,25,evening
1900-01-01 17:26:15,17,26,evening
1900-01-01 17:28:42,17,28,evening
1900-01-01 17:29:25,17,29,evening
1900-01-01 17:34:47,17,34,evening
1900-01-01 17:35:26,17,35,evening
1900-01-01 17:37:26,17,37,evening
1900-01-01 17:40:50,17,40,evening
1900-01-01 17:41:55,17,41,evening
1900-01-01 17:43:49,17,43,evening
1900-01-01 17:44:28,17,44,evening
1900-01-01 17:44:48,17,44,evening
1900-01-01 17:45:21,17,45,evening
1900-01-01 17:46:21,17,46,evening
1900-01-01 17:49:04,17,49,evening
1900-01-01 17:50:19,17,50,evening
1900-01-01 17:50:30,17,50,evening
1900-01-01 17:51:06,17,51,evening
1900-01-01 17:54:11,17,54,evening
1900-01-01 17:56:46,17,56,evening
1900-01-01 17:58:01,17,58,evening
1900-01-01 17:59:44,17,59,evening
1900-01-01 18:01:08,18,1,evening
1900-01-01 18:02:00,18,2,evening
1900-01-01 18:02:21,18,2,evening
1900-01-01 18:03:13,18,3,evening
1900-01-01 18:04:34,18,4,evening
1900-01-01 18:06:52,18,6,evening
1900-01-01 18:07:13,18,7,evening
1900-01-01 18:08:53,18,8,evening
1900-01-01 18:12:37,18,12,evening
1900-01-01 18:13:32,18,13,evening
1900-01-01 18:13:41,18,13,evening
1900-01-01 18:14:28,18,14,evening
1900-01-01 18:17:09,18,17,evening
1900-01-01 18:18:10,18,18,evening
1900-01-01 18:19:45,18,19,evening
1900-01-01 18:21:22,18,21,evening
1900-01-01 18:22:12,18,22,evening
1900-01-01 18:22:48,18,22,evening
1900-01-01 18:22:53,18,22,evening
1900-01-01 18:23:34,18,23,evening
1900-01-01 18:25:51,18,25,evening
1900-01-01 18:25:57,18,25,evening
1900-01-01 18:27:08,18,27,evening
1900-01-01 18:29:34,18,29,evening
1900-01-01 18:30:05,18,30,evening
1900-01-01 18:34:56,18,34,evening
1900-01-01 18:39:29,18,39,evening
1900-01-01 18:40:29,18,40,evening
1900-01-01 18:41:13,18,41,evening
1900-01-01 18:41:28,18,41,evening
1900-01-01 18:42:04,18,42,evening
1900-01-01 18:42:16,18,42,evening
1900-01-01 18:43:19,18,43,evening
1900-01-01 18:43:42,18,43,evening
1900-01-01 18:45:11,18,45,evening
1900-01-01 18:49:48,18,49,evening
1900-01-01 18:51:23,18,51,evening
1900-01-01 18:51:41,18,51,evening
1900-01-01 18:52:18,18,52,evening
1900-01-01 18:52:57,18,52,evening
1900-01-01 18:55:19,18,55,evening
1900-01-01 18:56:24,18,56,evening
1900-01-01 18:56:35,18,56,evening
1900-01-01 19:00:27,19,0,evening
1900-01-01 19:02:52,19,2,evening
1900-01-01 19:06:58,19,6,evening
1900-01-01 19:07:26,19,7,evening
1900-01-01 19:07:40,19,7,evening
1900-01-01 19:08:11,19,8,evening
1900-01-01 19:08:56,19,8,evening
1900-01-01 19:09:54,19,9,evening
1900-01-01 19:10:16,19,10,evening
1900-01-01 19:10:53,19,10,evening
1900-01-01 19:12:49,19,12,evening
1900-01-01 19:14:09,19,14,evening
1900-01-01 19:15:15,19,15,evening
1900-01-01 19:21:35,19,21,evening
1900-01-01 19:22:39,19,22,evening
1900-01-01 19:24:18,19,24,evening
1900-01-01 19:29:01,19,29,evening
1900-01-01 19:29:07,19,29,evening
1900-01-01 19:30:55,19,30,evening
1900-01-01 19:34:03,19,34,evening
1900-01-01 19:34:39,19,34,evening
1900-01-01 19:34:48,19,34,evening
1900-01-01 19:35:55,19,35,evening
1900-01-01 19:37:51,19,37,evening
1900-01-01 19:38:46,19,38,evening
1900-01-01 19:39:00,19,39,evening
1900-01-01 19:39:32,19,39,evening
1900-01-01 19:43:29,19,43,evening
1900-01-01 19:44:41,19,44,evening
1900-01-01 19:45:28,19,45,evening
1900-01-01 19:49:37,19,49,evening
1900-01-01 19:52:47,19,52,evening
1900-01-01 19:57:56,19,57,evening
1900-01-01 19:58:29,19,58,evening
1900-01-01 19:58:52,19,58,evening
1900-01-01 07:01:59,7,1,morning
1900-01-01 07:12:05,7,12,morning
1900-01-01 07:16:35,7,16,morning
1900-01-01 07:16:46,7,16,morning
1900-01-01 07:22:08,7,22,morning
1900-01-01 07:22:45,7,22,morning
1900-01-01 07:25:59,7,25,morning
1900-01-01 07:35:10,7,35,morning
1900-01-01 07:48:26,7,48,morning
1900-01-01 07:53:48,7,53,morning
1900-01-01 07:59:47,7,59,morning
1900-01-01 08:03:47,8,3,morning
1900-01-01 08:04:06,8,4,morning
1900-01-01 08:04:55,8,4,morning
1900-01-01 08:04:59,8,4,morning
1900-01-01 08:09:46,8,9,morning
1900-01-01 08:09:51,8,9,morning
1900-01-01 08:11:11,8,11,morning
1900-01-01 08:13:24,8,13,morning
1900-01-01 08:14:13,8,14,morning
1900-01-01 08:15:07,8,15,morning
1900-01-01 08:15:10,8,15,morning
1900-01-01 08:17:28,8,17,morning
1900-01-01 08:20:38,8,20,morning
1900-01-01 08:21:32,8,21,morning
1900-01-01 08:23:15,8,23,morning
1900-01-01 08:25:22,8,25,morning
1900-01-01 08:26:13,8,26,morning
1900-01-01 08:26:21,8,26,morning
1900-01-01 08:30:10,8,30,morning
1900-01-01 08:31:35,8,31,morning
1900-01-01 08:34:25,8,34,morning
1900-01-01 08:34:30,8,34,morning
1900-01-01 08:43:50,8,43,morning
1900-01-01 08:51:31,8,51,morning
1900-01-01 08:55:40,8,55,morning
1900-01-01 09:00:14,9,0,morning
1900-01-01 09:01:24,9,1,morning
1900-01-01 09:06:29,9,6,morning
1900-01-01 09:07:31,9,7,morning
1900-01-01 09:11:10,9,11,morning
1900-01-01 09:11:45,9,11,morning
1900-01-01 09:11:57,9,11,morning
1900-01-01 09:12:47,9,12,morning
1900-01-01 09:17:08,9,17,morning
1900-01-01 09:21:01,9,21,morning
1900-01-01 09:22:26,9,22,morning
1900-01-01 09:25:27,9,25,morning
1900-01-01 09:26:16,9,26,morning
1900-01-01 09:29:47,9,29,morning
1900-01-01 09:31:37,9,31,morning
1900-01-01 09:33:57,9,33,morning
1900-01-01 09:36:26,9,36,morning
1900-01-01 09:38:46,9,38,morning
1900-01-01 09:40:52,9,40,morning
1900-01-01 09:45:34,9,45,morning
1900-01-01 09:46:33,9,46,morning
1900-01-01 09:48:46,9,48,morning
1900-01-01 09:50:09,9,50,morning
1900-01-01 09:50:57,9,50,morning
1900-01-01 09:52:17,9,52,morning
1900-01-01 09:54:48,9,54,morning
1900-01-01 09:56:28,9,56,morning
1900-01-01 09:56:45,9,56,morning
1900-01-01 09:58:47,9,58,morning
1900-01-01 10:01:57,10,1,morning
1900-01-01 10:03:39,10,3,morning
1900-01-01 10:05:11,10,5,morning
1900-01-01 10:05:22,10,5,morning
1900-01-01 10:07:28,10,7,morning
1900-01-01 10:08:23,10,8,morning
1900-01-01 10:10:47,10,10,morning
1900-01-01 10:13:55,10,13,morning
1900-01-01 10:16:43,10,16,morning
1900-01-01 10:19:33,10,19,morning
1900-01-01 10:20:52,10,20,morning
1900-01-01 10:22:19,10,22,morning
1900-01-01 10:26:49,10,26,morning
1900-01-01 10:27:05,10,27,morning
1900-01-01 10:28:41,10,28,morning
1900-01-01 10:30:39,10,30,morning
1900-01-01 10:36:18,10,36,morning
1900-01-01 10:36:44,10,36,morning
1900-01-01 10:38:55,10,38,morning
1900-01-01 10:48:57,10,48,morning
1900-01-01 10:49:58,10,49,morning
1900-01-01 10:55:08,10,55,morning
1900-01-01 10:55:35,10,55,morning
1900-01-01 10:59:58,10,59,morning
1900-01-01 11:01:06,11,1,morning
1900-01-01 11:04:21,11,4,morning
1900-01-01 11:06:10,11,6,morning
1900-01-01 11:06:28,11,6,morning
1900-01-01 11:10:15,11,10,morning
1900-01-01 11:11:23,11,11,morning
1900-01-01 11:12:05,11,12,morning
1900-01-01 11:12:33,11,12,morning
1900-01-01 11:13:01,11,13,morning
1900-01-01 11:13:37,11,13,morning
1900-01-01 11:14:15,11,14,morning
1900-01-01 11:15:12,11,15,morning
1900-01-01 11:15:28,11,15,morning
1900-01-01 11:15:40,11,15,morning
1900-01-01 11:16:51,11,16,morning
1900-01-01 11:18:12,11,18,morning
1900-01-01 11:18:25,11,18,morning
1900-01-01 11:19:12,11,19,morning
1900-01-01 11:19:42,11,19,morning
1900-01-01 11:21:43,11,21,morning
1900-01-01 11:21:49,11,21,morning
1900-01-01 11:22:46,11,22,morning
1900-01-01 11:25:20,11,25,morning
1900-01-01 11:27:35,11,27,morning
1900-01-01 11:32:11,11,32,morning
1900-01-01 11:34:44,11,34,morning
1900-01-01 11:35:02,11,35,morning
1900-01-01 11:35:14,11,35,morning
1900-01-01 11:36:50,11,36,morning
1900-01-01 11:38:23,11,38,morning
1900-01-01 11:39:11,11,39,morning
1900-01-01 11:40:12,11,40,morning
1900-01-01 11:41:54,11,41,morning
1900-01-01 11:42:36,11,42,morning
1900-01-01 11:43:04,11,43,morning
1900-01-01 11:49:10,11,49,morning
1900-01-01 11:50:18,11,50,morning
1900-01-01 11:50:32,11,50,morning
1900-01-01 11:53:48,11,53,morning
1900-01-01 11:53:54,11,53,morning
1900-01-01 11:54:01,11,54,morning
1900-01-01 11:54:30,11,54,morning
1900-01-01 11:55:31,11,55,morning
1900-01-01 11:56:26,11,56,morning
1900-01-01 11:56:58,11,56,morning
1900-01-01 11:58:49,11,58,morning
1900-01-01 12:01:50,12,1,afternoon
1900-01-01 12:03:47,12,3,afternoon
1900-01-01 12:06:18,12,6,afternoon
1900-01-01 12:12:01,12,12,afternoon
1900-01-01 12:12:44,12,12,afternoon
1900-01-01 12:14:00,12,14,afternoon
1900-01-01 12:18:13,12,18,afternoon
1900-01-01 12:18:22,12,18,afternoon
1900-01-01 12:20:43,12,20,afternoon
1900-01-01 12:21:38,12,21,afternoon
1900-01-01 12:21:39,12,21,afternoon
1900-01-01 12:21:58,12,21,afternoon
1900-01-01 12:22:04,12,22,afternoon
1900-01-01 12:22:12,12,22,afternoon
1900-01-01 12:23:03,12,23,afternoon
1900-01-01 12:23:30,12,23,afternoon
1900-01-01 12:24:39,12,24,afternoon
1900-01-01 12:25:03,12,25,afternoon
1900-01-01 12:25:24,12,25,afternoon
1900-01-01 12:26:13,12,26,afternoon
1900-01-01 12:26:18,12,26,afternoon
1900-01-01 12:27:01,12,27,afternoon
1900-01-01 12:28:08,12,28,afternoon
1900-01-01 12:28:25,12,28,afternoon
1900-01-01 12:29:07,12,29,afternoon
1900-01-01 12:30:43,12,30,afternoon
1900-01-01 12:32:19,12,32,afternoon
1900-01-01 12:33:04,12,33,afternoon
1900-01-01 12:34:00,12,34,afternoon
1900-01-01 12:36:06,12,36,afternoon
1900-01-01 12:36:37,12,36,afternoon
1900-01-01 12:38:47,12,38,afternoon
1900-01-01 12:38:51,12,38,afternoon
1900-01-01 12:39:04,12,39,afternoon
1900-01-01 12:41:28,12,41,afternoon
1900-01-01 12:42:19,12,42,afternoon
1900-01-01 12:42:47,12,42,afternoon
1900-01-01 12:45:02,12,45,afternoon
1900-01-01 12:46:04,12,46,afternoon
1900-01-01 12:47:49,12,47,afternoon
1900-01-01 12:53:16,12,53,afternoon
1900-01-01 12:54:07,12,54,afternoon
1900-01-01 12:54:53,12,54,afternoon
1900-01-01 12:55:19,12,55,afternoon
1900-01-01 12:57:55,12,57,afternoon
1900-01-01 12:58:04,12,58,afternoon
1900-01-01 12:58:38,12,58,afternoon
1900-01-01 12:58:57,12,58,afternoon
1900-01-01 12:59:28,12,59,afternoon
1900-01-01 12:59:45,12,59,afternoon
1900-01-01 13:02:03,13,2,afternoon
1900-01-01 13:03:14,13,3,afternoon
1900-01-01 13:03:33,13,3,afternoon
1900-01-01 13:03:53,13,3,afternoon
1900-01-01 13:04:02,13,4,afternoon
1900-01-01 13:04:56,13,4,afternoon
1900-01-01 13:05:41,13,5,afternoon
1900-01-01 13:09:27,13,9,afternoon
1900-01-01 13:10:17,13,10,afternoon
1900-01-01 13:10:41,13,10,afternoon
1900-01-01 13:14:54,13,14,afternoon
1900-01-01 13:15:40,13,15,afternoon
1900-01-01 13:21:09,13,21,afternoon
1900-01-01 13:23:18,13,23,afternoon
1900-01-01 13:23:38,13,23,afternoon
1900-01-01 13:24:33,13,24,afternoon
1900-01-01 13:25:02,13,25,afternoon
1900-01-01 13:26:47,13,26,afternoon
1900-01-01 13:28:24,13,28,afternoon
1900-01-01 13:29:51,13,29,afternoon
1900-01-01 13:29:59,13,29,afternoon
1900-01-01 13:30:00,13,30,afternoon
1900-01-01 13:30:05,13,30,afternoon
1900-01-01 13:30:15,13,30,afternoon
1900-01-01 13:30:30,13,30,afternoon
1900-01-01 13:34:02,13,34,afternoon
1900-01-01 13:35:24,13,35,afternoon
1900-01-01 13:39:11,13,39,afternoon
1900-01-01 13:40:11,13,40,afternoon
1900-01-01 13:40:36,13,40,afternoon
1900-01-01 13:40:53,13,40,afternoon
1900-01-01 13:42:07,13,42,afternoon
1900-01-01 13:47:24,13,47,afternoon
1900-01-01 13:47:27,13,47,afternoon
1900-01-01 13:48:27,13,48,afternoon
1900-01-01 13:51:33,13,51,afternoon
1900-01-01 13:52:27,13,52,afternoon
1900-01-01 13:55:38,13,55,afternoon
1900-01-01 13:56:19,13,56,afternoon
1900-01-01 13:57:59,13,57,afternoon
1900-01-01 13:58:30,13,58,afternoon
1900-01-01 13:58:36,13,58,afternoon
1900-01-01 14:01:23,14,1,afternoon
1900-01-01 14:02:16,14,2,afternoon
1900-01-01 14:02:44,14,2,afternoon
1900-01-01 14:03:27,14,3,afternoon
1900-01-01 14:05:27,14,5,afternoon
1900-01-01 14:07:17,14,7,afternoon
1900-01-01 14:07:49,14,7,afternoon
1900-01-01 14:08:49,14,8,afternoon
1900-01-01 14:11:08,14,11,afternoon
1900-01-01 14:12:00,14,12,afternoon
1900-01-01 14:12:07,14,12,afternoon
1900-01-01 14:12:35,14,12,afternoon
1900-01-01 14:13:26,14,13,afternoon
1900-01-01 14:13:37,14,13,afternoon
1900-01-01 14:14:26,14,14,afternoon
1900-01-01 14:17:08,14,17,afternoon
1900-01-01 14:17:55,14,17,afternoon
1900-01-01 14:19:24,14,19,afternoon
1900-01-01 14:21:55,14,21,afternoon
1900-01-01 14:24:46,14,24,afternoon
1900-01-01 14:25:35,14,25,afternoon
1900-01-01 14:26:33,14,26,afternoon
1900-01-01 14:29:35,14,29,afternoon
1900-01-01 14:33:26,14,33,afternoon
1900-01-01 14:33:58,14,33,afternoon
1900-01-01 14:34:53,14,34,afternoon
1900-01-01 14:36:56,14,36,afternoon
1900-01-01 14:37:44,14,37,afternoon
1900-01-01 14:39:18,14,39,afternoon
1900-01-01 14:40:25,14,40,afternoon
1900-01-01 14:42:21,14,42,afternoon
1900-01-01 14:44:28,14,44,afternoon
1900-01-01 14:46:31,14,46,afternoon
1900-01-01 14:48:02,14,48,afternoon
1900-01-01 14:48:05,14,48,afternoon
1900-01-01 14:48:53,14,48,afternoon
1900-01-01 14:51:11,14,51,afternoon
1900-01-01 14:52:26,14,52,afternoon
1900-01-01 14:54:33,14,54,afternoon
1900-01-01 14:54:40,14,54,afternoon
1900-01-01 14:54:46,14,54,afternoon
1900-01-01 14:55:38,14,55,afternoon
1900-01-01 14:58:21,14,58,afternoon
1900-01-01 14:58:28,14,58,afternoon
1900-01-01 14:59:08,14,59,afternoon
1900-01-01 15:03:12,15,3,afternoon
1900-01-01 15:04:21,15,4,afternoon
1900-01-01 15:05:22,15,5,afternoon
1900-01-01 15:09:48,15,9,afternoon
1900-01-01 15:10:48,15,10,afternoon
1900-01-01 15:12:44,15,12,afternoon
1900-01-01 15:15:03,15,15,afternoon
1900-01-01 15:18:41,15,18,afternoon
1900-01-01 15:19:46,15,19,afternoon
1900-01-01 15:21:45,15,21,afternoon
1900-01-01 15:22:19,15,22,afternoon
1900-01-01 15:23:29,15,23,afternoon
1900-01-01 15:24:16,15,24,afternoon
1900-01-01 15:24:52,15,24,afternoon
1900-01-01 15:26:08,15,26,afternoon
1900-01-01 15:26:22,15,26,afternoon
1900-01-01 15:27:43,15,27,afternoon
1900-01-01 15:27:48,15,27,afternoon
1900-01-01 15:28:35,15,28,afternoon
1900-01-01 15:29:31,15,29,afternoon
1900-01-01 15:30:51,15,30,afternoon
1900-01-01 15:32:44,15,32,afternoon
1900-01-01 15:34:44,15,34,afternoon
1900-01-01 15:35:22,15,35,afternoon
1900-01-01 15:35:30,15,35,afternoon
1900-01-01 15:36:29,15,36,afternoon
1900-01-01 15:36:47,15,36,afternoon
1900-01-01 15:37:20,15,37,afternoon
1900-01-01 15:38:44,15,38,afternoon
1900-01-01 15:41:09,15,41,afternoon
1900-01-01 15:41:55,15,41,afternoon
1900-01-01 15:42:50,15,42,afternoon
1900-01-01 15:44:59,15,44,afternoon
1900-01-01 15:48:55,15,48,afternoon
1900-01-01 15:49:27,15,49,afternoon
1900-01-01 15:50:12,15,50,afternoon
1900-01-01 15:50:27,15,50,afternoon
1900-01-01 15:50:28,15,50,afternoon
1900-01-01 15:51:29,15,51,afternoon
1900-01-01 15:51:57,15,51,afternoon
1900-01-01 15:52:14,15,52,afternoon
1900-01-01 15:52:58,15,52,afternoon
1900-01-01 15:54:43,15,54,afternoon
1900-01-01 15:55:19,15,55,afternoon
1900-01-01 15:55:27,15,55,afternoon
1900-01-01 15:56:41,15,56,afternoon
1900-01-01 15:58:07,15,58,afternoon
1900-01-01 15:59:37,15,59,afternoon
1900-01-01 15:59:53,15,59,afternoon
1900-01-01 16:00:33,16,0,afternoon
1900-01-01 16:02:09,16,2,afternoon
1900-01-01 16:02:21,16,2,afternoon
1900-01-01 16:05:18,16,5,afternoon
1900-01-01 16:06:01,16,6,afternoon
1900-01-01 16:06:18,16,6,afternoon
1900-01-01 16:08:22,16,8,afternoon
1900-01-01 16:09:17,16,9,afternoon
1900-01-01 16:09:45,16,9,afternoon
1900-01-01 16:11:04,16,11,afternoon
1900-01-01 16:11:57,16,11,afternoon
1900-01-01 16:12:01,16,12,afternoon
1900-01-01 16:14:09,16,14,afternoon
1900-01-01 16:18:15,16,18,afternoon
1900-01-01 16:19:33,16,19,afternoon
1900-01-01 16:19:48,16,19,afternoon
1900-01-01 16:22:25,16,22,afternoon
1900-01-01 16:22:30,16,22,afternoon
1900-01-01 16:23:50,16,23,afternoon
1900-01-01 16:26:14,16,26,afternoon
1900-01-01 16:26:38,16,26,afternoon
1900-01-01 16:26:49,16,26,afternoon
1900-01-01 16:28:26,16,28,afternoon
1900-01-01 16:30:05,16,30,afternoon
1900-01-01 16:30:07,16,30,afternoon
1900-01-01 16:30:37,16,30,afternoon
1900-01-01 16:31:20,16,31,afternoon
1900-01-01 16:31:48,16,31,afternoon
1900-01-01 16:32:14,16,32,afternoon
1900-01-01 16:32:25,16,32,afternoon
1900-01-01 16:33:17,16,33,afternoon
1900-01-01 16:34:50,16,34,afternoon
1900-01-01 16:35:22,16,35,afternoon
1900-01-01 16:35:54,16,35,afternoon
1900-01-01 16:36:38,16,36,afternoon
1900-01-01 16:41:26,16,41,afternoon
1900-01-01 16:42:11,16,42,afternoon
1900-01-01 16:42:33,16,42,afternoon
1900-01-01 16:43:04,16,43,afternoon
1900-01-01 16:44:55,16,44,afternoon
1900-01-01 16:47:01,16,47,afternoon
1900-01-01 16:49:41,16,49,afternoon
1900-01-01 16:50:14,16,50,afternoon
1900-01-01 16:51:09,16,51,afternoon
1900-01-01 16:55:58,16,55,afternoon
1900-01-01 16:56:14,16,56,afternoon
1900-01-01 16:59:09,16,59,afternoon
1900-01-01 17:00:52,17,0,evening
1900-01-01 17:02:06,17,2,evening
1900-01-01 17:02:59,17,2,evening
1900-01-01 17:04:56,17,4,evening
1900-01-01 17:10:24,17,10,evening
1900-01-01 17:10:36,17,10,evening
1900-01-01 17:12:45,17,12,evening
1900-01-01 17:13:53,17,13,evening
1900-01-01 17:15:28,17,15,evening
1900-01-01 17:15:35,17,15,evening
1900-01-01 17:17:00,17,17,evening
1900-01-01 17:18:25,17,18,evening
1900-01-01 17:19:03,17,19,evening
1900-01-01 17:19:40,17,19,evening
1900-01-01 17:20:14,17,20,evening
1900-01-01 17:21:01,17,21,evening
1900-01-01 17:21:19,17,21,evening
1900-01-01 17:28:06,17,28,evening
1900-01-01 17:28:13,17,28,evening
1900-01-01 17:29:21,17,29,evening
1900-01-01 17:29:41,17,29,evening
1900-01-01 17:29:42,17,29,evening
1900-01-01 17:34:05,17,34,evening
1900-01-01 17:35:03,17,35,evening
1900-01-01 17:35:40,17,35,evening
1900-01-01 17:38:25,17,38,evening
1900-01-01 17:38:48,17,38,evening
1900-01-01 17:40:19,17,40,evening
1900-01-01 17:41:03,17,41,evening
1900-01-01 17:42:18,17,42,evening
1900-01-01 17:43:03,17,43,evening
1900-01-01 17:43:20,17,43,evening
1900-01-01 17:44:03,17,44,evening
1900-01-01 17:45:16,17,45,evening
1900-01-01 17:45:27,17,45,evening
1900-01-01 17:48:34,17,48,evening
1900-01-01 17:48:39,17,48,evening
1900-01-01 17:48:48,17,48,evening
1900-01-01 17:51:00,17,51,evening
1900-01-01 17:53:21,17,53,evening
1900-01-01 17:54:37,17,54,evening
1900-01-01 17:54:59,17,54,evening
1900-01-01 17:55:15,17,55,evening
1900-01-01 17:57:42,17,57,evening
1900-01-01 17:57:59,17,57,evening
1900-01-01 18:05:46,18,5,evening
1900-01-01 18:06:18,18,6,evening
1900-01-01 18:11:56,18,11,evening
1900-01-01 18:17:00,18,17,evening
1900-01-01 18:17:58,18,17,evening
1900-01-01 18:18:05,18,18,evening
1900-01-01 18:18:34,18,18,evening
1900-01-01 18:19:05,18,19,evening
1900-01-01 18:22:30,18,22,evening
1900-01-01 18:23:01,18,23,evening
1900-01-01 18:23:32,18,23,evening
1900-01-01 18:24:11,18,24,evening
1900-01-01 18:24:23,18,24,evening
1900-01-01 18:26:40,18,26,evening
1900-01-01 18:27:04,18,27,evening
1900-01-01 18:28:05,18,28,evening
1900-01-01 18:29:53,18,29,evening
1900-01-01 18:30:06,18,30,evening
1900-01-01 18:31:49,18,31,evening
1900-01-01 18:31:50,18,31,evening
1900-01-01 18:32:38,18,32,evening
1900-01-01 18:33:43,18,33,evening
1900-01-01 18:33:59,18,33,evening
1900-01-01 18:37:31,18,37,evening
1900-01-01 18:39:18,18,39,evening
1900-01-01 18:40:50,18,40,evening
1900-01-01 18:42:49,18,42,evening
1900-01-01 18:43:00,18,43,evening
1900-01-01 18:44:51,18,44,evening
1900-01-01 18:49:22,18,49,evening
1900-01-01 18:50:17,18,50,evening
1900-01-01 18:53:56,18,53,evening
1900-01-01 18:54:10,18,54,evening
1900-01-01 18:57:01,18,57,evening
1900-01-01 19:00:58,19,0,evening
1900-01-01 19:01:16,19,1,evening
1900-01-01 19:01:39,19,1,evening
1900-01-01 19:12:27,19,12,evening
1900-01-01 19:14:55,19,14,evening
1900-01-01 19:16:12,19,16,evening
1900-01-01 19:18:07,19,18,evening
1900-01-01 19:19:55,19,19,evening
1900-01-01 19:22:54,19,22,evening
1900-01-01 19:25:06,19,25,evening
1900-01-01 19:26:53,19,26,evening
1900-01-01 19:27:07,19,27,evening
1900-01-01 19:28:16,19,28,evening
1900-01-01 19:29:54,19,29,evening
1900-01-01 19:35:14,19,35,evening
1900-01-01 19:35:31,19,35,evening
1900-01-01 19:42:15,19,42,evening
1900-01-01 19:45:11,19,45,evening
1900-01-01 19:46:07,19,46,evening
1900-01-01 19:46:38,19,46,evening
1900-01-01 19:48:49,19,48,evening
1900-01-01 19:53:02,19,53,evening
1900-01-01 19:53:55,19,53,evening
1900-01-01 19:57:01,19,57,evening
1900-01-01 19:57:23,19,57,evening
1900-01-01 19:58:10,19,58,evening
1900-01-01 19:58:35,19,58,evening
1900-01-01 07:04:46,7,4,morning
1900-01-01 07:06:53,7,6,morning
1900-01-01 07:16:26,7,16,morning
1900-01-01 07:17:23,7,17,morning
1900-01-01 07:37:05,7,37,morning
1900-01-01 08:06:33,8,6,morning
1900-01-01 08:09:50,8,9,morning
1900-01-01 08:13:04,8,13,morning
1900-01-01 08:13:05,8,13,morning
1900-01-01 08:15:37,8,15,morning
1900-01-01 08:18:30,8,18,morning
1900-01-01 08:18:53,8,18,morning
1900-01-01 08:18:56,8,18,morning
1900-01-01 08:19:33,8,19,morning
1900-01-01 08:19:47,8,19,morning
1900-01-01 08:20:55,8,20,morning
1900-01-01 08:22:14,8,22,morning
1900-01-01 08:23:51,8,23,morning
1900-01-01 08:28:33,8,28,morning
1900-01-01 08:28:53,8,28,morning
1900-01-01 08:30:14,8,30,morning
1900-01-01 08:31:06,8,31,morning
1900-01-01 08:31:07,8,31,morning
1900-01-01 08:32:12,8,32,morning
1900-01-01 08:34:35,8,34,morning
1900-01-01 08:37:26,8,37,morning
1900-01-01 08:37:51,8,37,morning
1900-01-01 08:40:29,8,40,morning
1900-01-01 08:40:50,8,40,morning
1900-01-01 08:42:28,8,42,morning
1900-01-01 08:44:23,8,44,morning
1900-01-01 08:49:32,8,49,morning
1900-01-01 08:49:35,8,49,morning
1900-01-01 08:50:00,8,50,morning
1900-01-01 08:50:21,8,50,morning
1900-01-01 08:53:31,8,53,morning
1900-01-01 08:54:44,8,54,morning
1900-01-01 08:56:41,8,56,morning
1900-01-01 09:03:49,9,3,morning
1900-01-01 09:07:30,9,7,morning
1900-01-01 09:07:36,9,7,morning
1900-01-01 09:09:30,9,9,morning
1900-01-01 09:09:39,9,9,morning
1900-01-01 09:15:44,9,15,morning
1900-01-01 09:18:30,9,18,morning
1900-01-01 09:18:59,9,18,morning
1900-01-01 09:23:33,9,23,morning
1900-01-01 09:24:46,9,24,morning
1900-01-01 09:27:13,9,27,morning
1900-01-01 09:30:08,9,30,morning
1900-01-01 09:33:20,9,33,morning
1900-01-01 09:43:23,9,43,morning
1900-01-01 09:44:41,9,44,morning
1900-01-01 09:44:59,9,44,morning
1900-01-01 09:45:43,9,45,morning
1900-01-01 09:49:52,9,49,morning
1900-01-01 09:50:02,9,50,morning
1900-01-01 09:50:30,9,50,morning
1900-01-01 09:50:48,9,50,morning
1900-01-01 09:52:19,9,52,morning
1900-01-01 09:53:13,9,53,morning
1900-01-01 09:56:34,9,56,morning
1900-01-01 10:00:05,10,0,morning
1900-01-01 10:01:51,10,1,morning
1900-01-01 10:11:25,10,11,morning
1900-01-01 10:12:21,10,12,morning
1900-01-01 10:17:13,10,17,morning
1900-01-01 10:19:53,10,19,morning
1900-01-01 10:20:42,10,20,morning
1900-01-01 10:22:26,10,22,morning
1900-01-01 10:25:55,10,25,morning
1900-01-01 10:26:39,10,26,morning
1900-01-01 10:28:45,10,28,morning
1900-01-01 10:30:42,10,30,morning
1900-01-01 10:33:49,10,33,morning
1900-01-01 10:40:11,10,40,morning
1900-01-01 10:41:29,10,41,morning
1900-01-01 10:43:23,10,43,morning
1900-01-01 10:47:34,10,47,morning
1900-01-01 10:49:47,10,49,morning
1900-01-01 10:52:38,10,52,morning
1900-01-01 10:54:16,10,54,morning
1900-01-01 10:54:52,10,54,morning
1900-01-01 10:56:53,10,56,morning
1900-01-01 10:58:20,10,58,morning
1900-01-01 10:59:41,10,59,morning
1900-01-01 11:02:48,11,2,morning
1900-01-01 11:05:55,11,5,morning
1900-01-01 11:06:30,11,6,morning
1900-01-01 11:08:16,11,8,morning
1900-01-01 11:08:51,11,8,morning
1900-01-01 11:10:02,11,10,morning
1900-01-01 11:11:10,11,11,morning
1900-01-01 11:11:22,11,11,morning
1900-01-01 11:16:22,11,16,morning
1900-01-01 11:16:40,11,16,morning
1900-01-01 11:17:01,11,17,morning
1900-01-01 11:20:10,11,20,morning
1900-01-01 11:21:22,11,21,morning
1900-01-01 11:23:05,11,23,morning
1900-01-01 11:23:56,11,23,morning
1900-01-01 11:26:09,11,26,morning
1900-01-01 11:26:40,11,26,morning
1900-01-01 11:26:49,11,26,morning
1900-01-01 11:27:36,11,27,morning
1900-01-01 11:30:16,11,30,morning
1900-01-01 11:31:00,11,31,morning
1900-01-01 11:31:11,11,31,morning
1900-01-01 11:32:49,11,32,morning
1900-01-01 11:33:06,11,33,morning
1900-01-01 11:33:08,11,33,morning
1900-01-01 11:33:44,11,33,morning
1900-01-01 11:36:44,11,36,morning
1900-01-01 11:36:49,11,36,morning
1900-01-01 11:37:40,11,37,morning
1900-01-01 11:37:50,11,37,morning
1900-01-01 11:37:55,11,37,morning
1900-01-01 11:40:15,11,40,morning
1900-01-01 11:40:31,11,40,morning
1900-01-01 11:42:01,11,42,morning
1900-01-01 11:42:48,11,42,morning
1900-01-01 11:42:51,11,42,morning
1900-01-01 11:43:18,11,43,morning
1900-01-01 11:46:27,11,46,morning
1900-01-01 11:46:29,11,46,morning
1900-01-01 11:47:50,11,47,morning
1900-01-01 11:50:55,11,50,morning
1900-01-01 11:51:18,11,51,morning
1900-01-01 11:52:48,11,52,morning
1900-01-01 11:56:15,11,56,morning
1900-01-01 11:57:06,11,57,morning
1900-01-01 11:57:55,11,57,morning
1900-01-01 11:58:06,11,58,morning
1900-01-01 11:58:07,11,58,morning
1900-01-01 11:59:06,11,59,morning
1900-01-01 11:59:16,11,59,morning
1900-01-01 11:59:49,11,59,morning
1900-01-01 12:00:52,12,0,afternoon
1900-01-01 12:04:32,12,4,afternoon
1900-01-01 12:05:39,12,5,afternoon
1900-01-01 12:06:47,12,6,afternoon
1900-01-01 12:08:20,12,8,afternoon
1900-01-01 12:14:46,12,14,afternoon
1900-01-01 12:16:03,12,16,afternoon
1900-01-01 12:16:30,12,16,afternoon
1900-01-01 12:17:20,12,17,afternoon
1900-01-01 12:20:44,12,20,afternoon
1900-01-01 12:20:50,12,20,afternoon
1900-01-01 12:23:36,12,23,afternoon
1900-01-01 12:26:03,12,26,afternoon
1900-01-01 12:27:58,12,27,afternoon
1900-01-01 12:30:20,12,30,afternoon
1900-01-01 12:31:47,12,31,afternoon
1900-01-01 12:35:27,12,35,afternoon
1900-01-01 12:36:05,12,36,afternoon
1900-01-01 12:37:48,12,37,afternoon
1900-01-01 12:38:56,12,38,afternoon
1900-01-01 12:40:55,12,40,afternoon
1900-01-01 12:44:41,12,44,afternoon
1900-01-01 12:45:07,12,45,afternoon
1900-01-01 12:46:52,12,46,afternoon
1900-01-01 12:47:41,12,47,afternoon
1900-01-01 12:48:20,12,48,afternoon
1900-01-01 12:48:38,12,48,afternoon
1900-01-01 12:50:34,12,50,afternoon
1900-01-01 12:50:49,12,50,afternoon
1900-01-01 12:51:17,12,51,afternoon
1900-01-01 12:52:36,12,52,afternoon
1900-01-01 12:52:37,12,52,afternoon
1900-01-01 12:55:49,12,55,afternoon
1900-01-01 12:56:02,12,56,afternoon
1900-01-01 12:57:48,12,57,afternoon
1900-01-01 12:58:20,12,58,afternoon
1900-01-01 13:03:37,13,3,afternoon
1900-01-01 13:04:25,13,4,afternoon
1900-01-01 13:04:48,13,4,afternoon
1900-01-01 13:05:00,13,5,afternoon
1900-01-01 13:05:16,13,5,afternoon
1900-01-01 13:06:00,13,6,afternoon
1900-01-01 13:07:30,13,7,afternoon
1900-01-01 13:09:01,13,9,afternoon
1900-01-01 13:12:16,13,12,afternoon
1900-01-01 13:12:49,13,12,afternoon
1900-01-01 13:13:33,13,13,afternoon
1900-01-01 13:16:53,13,16,afternoon
1900-01-01 13:17:20,13,17,afternoon
1900-01-01 13:18:51,13,18,afternoon
1900-01-01 13:20:01,13,20,afternoon
1900-01-01 13:20:13,13,20,afternoon
1900-01-01 13:24:10,13,24,afternoon
1900-01-01 13:26:51,13,26,afternoon
1900-01-01 13:28:12,13,28,afternoon
1900-01-01 13:31:04,13,31,afternoon
1900-01-01 13:34:08,13,34,afternoon
1900-01-01 13:38:29,13,38,afternoon
1900-01-01 13:39:52,13,39,afternoon
1900-01-01 13:41:00,13,41,afternoon
1900-01-01 13:44:19,13,44,afternoon
1900-01-01 13:45:54,13,45,afternoon
1900-01-01 13:48:42,13,48,afternoon
1900-01-01 13:48:44,13,48,afternoon
1900-01-01 13:52:13,13,52,afternoon
1900-01-01 13:57:02,13,57,afternoon
1900-01-01 13:57:16,13,57,afternoon
1900-01-01 13:57:24,13,57,afternoon
1900-01-01 13:57:28,13,57,afternoon
1900-01-01 13:58:14,13,58,afternoon
1900-01-01 13:59:44,13,59,afternoon
1900-01-01 14:00:27,14,0,afternoon
1900-01-01 14:03:06,14,3,afternoon
1900-01-01 14:03:48,14,3,afternoon
1900-01-01 14:03:54,14,3,afternoon
1900-01-01 14:04:38,14,4,afternoon
1900-01-01 14:04:48,14,4,afternoon
1900-01-01 14:06:01,14,6,afternoon
1900-01-01 14:07:15,14,7,afternoon
1900-01-01 14:08:26,14,8,afternoon
1900-01-01 14:09:18,14,9,afternoon
1900-01-01 14:09:52,14,9,afternoon
1900-01-01 14:10:19,14,10,afternoon
1900-01-01 14:13:15,14,13,afternoon
1900-01-01 14:13:47,14,13,afternoon
1900-01-01 14:14:01,14,14,afternoon
1900-01-01 14:15:05,14,15,afternoon
1900-01-01 14:15:50,14,15,afternoon
1900-01-01 14:17:42,14,17,afternoon
1900-01-01 14:18:47,14,18,afternoon
1900-01-01 14:18:58,14,18,afternoon
1900-01-01 14:19:44,14,19,afternoon
1900-01-01 14:21:57,14,21,afternoon
1900-01-01 14:22:00,14,22,afternoon
1900-01-01 14:22:48,14,22,afternoon
1900-01-01 14:23:43,14,23,afternoon
1900-01-01 14:23:54,14,23,afternoon
1900-01-01 14:24:01,14,24,afternoon
1900-01-01 14:24:14,14,24,afternoon
1900-01-01 14:28:01,14,28,afternoon
1900-01-01 14:30:24,14,30,afternoon
1900-01-01 14:30:38,14,30,afternoon
1900-01-01 14:31:14,14,31,afternoon
1900-01-01 14:33:36,14,33,afternoon
1900-01-01 14:34:28,14,34,afternoon
1900-01-01 14:35:13,14,35,afternoon
1900-01-01 14:37:12,14,37,afternoon
1900-01-01 14:38:17,14,38,afternoon
1900-01-01 14:41:47,14,41,afternoon
1900-01-01 14:42:59,14,42,afternoon
1900-01-01 14:43:48,14,43,afternoon
1900-01-01 14:44:43,14,44,afternoon
1900-01-01 14:45:14,14,45,afternoon
1900-01-01 14:47:09,14,47,afternoon
1900-01-01 14:47:10,14,47,afternoon
1900-01-01 14:47:45,14,47,afternoon
1900-01-01 14:48:23,14,48,afternoon
1900-01-01 14:48:30,14,48,afternoon
1900-01-01 14:49:31,14,49,afternoon
1900-01-01 14:49:39,14,49,afternoon
1900-01-01 14:51:06,14,51,afternoon
1900-01-01 14:53:17,14,53,afternoon
1900-01-01 14:53:51,14,53,afternoon
1900-01-01 14:53:52,14,53,afternoon
1900-01-01 14:54:41,14,54,afternoon
1900-01-01 14:54:59,14,54,afternoon
1900-01-01 14:55:03,14,55,afternoon
1900-01-01 14:56:33,14,56,afternoon
1900-01-01 14:57:23,14,57,afternoon
1900-01-01 14:57:49,14,57,afternoon
1900-01-01 15:00:04,15,0,afternoon
1900-01-01 15:01:43,15,1,afternoon
1900-01-01 15:02:09,15,2,afternoon
1900-01-01 15:02:34,15,2,afternoon
1900-01-01 15:03:23,15,3,afternoon
1900-01-01 15:04:07,15,4,afternoon
1900-01-01 15:05:33,15,5,afternoon
1900-01-01 15:06:00,15,6,afternoon
1900-01-01 15:06:37,15,6,afternoon
1900-01-01 15:07:41,15,7,afternoon
1900-01-01 15:08:18,15,8,afternoon
1900-01-01 15:10:02,15,10,afternoon
1900-01-01 15:10:51,15,10,afternoon
1900-01-01 15:11:28,15,11,afternoon
1900-01-01 15:13:22,15,13,afternoon
1900-01-01 15:13:46,15,13,afternoon
1900-01-01 15:15:01,15,15,afternoon
1900-01-01 15:15:39,15,15,afternoon
1900-01-01 15:15:48,15,15,afternoon
1900-01-01 15:17:03,15,17,afternoon
1900-01-01 15:18:13,15,18,afternoon
1900-01-01 15:19:17,15,19,afternoon
1900-01-01 15:19:59,15,19,afternoon
1900-01-01 15:23:04,15,23,afternoon
1900-01-01 15:24:23,15,24,afternoon
1900-01-01 15:24:48,15,24,afternoon
1900-01-01 15:26:58,15,26,afternoon
1900-01-01 15:27:29,15,27,afternoon
1900-01-01 15:28:42,15,28,afternoon
1900-01-01 15:29:25,15,29,afternoon
1900-01-01 15:30:42,15,30,afternoon
1900-01-01 15:32:00,15,32,afternoon
1900-01-01 15:33:20,15,33,afternoon
1900-01-01 15:33:40,15,33,afternoon
1900-01-01 15:35:23,15,35,afternoon
1900-01-01 15:35:49,15,35,afternoon
1900-01-01 15:36:04,15,36,afternoon
1900-01-01 15:36:32,15,36,afternoon
1900-01-01 15:37:29,15,37,afternoon
1900-01-01 15:39:00,15,39,afternoon
1900-01-01 15:41:00,15,41,afternoon
1900-01-01 15:43:32,15,43,afternoon
1900-01-01 15:43:40,15,43,afternoon
1900-01-01 15:45:20,15,45,afternoon
1900-01-01 15:45:57,15,45,afternoon
1900-01-01 15:46:51,15,46,afternoon
1900-01-01 15:47:58,15,47,afternoon
1900-01-01 15:48:24,15,48,afternoon
1900-01-01 15:48:25,15,48,afternoon
1900-01-01 15:48:46,15,48,afternoon
1900-01-01 15:49:11,15,49,afternoon
1900-01-01 15:51:55,15,51,afternoon
1900-01-01 15:52:01,15,52,afternoon
1900-01-01 15:53:19,15,53,afternoon
1900-01-01 15:55:15,15,55,afternoon
1900-01-01 15:55:31,15,55,afternoon
1900-01-01 15:55:36,15,55,afternoon
1900-01-01 15:55:59,15,55,afternoon
1900-01-01 15:57:20,15,57,afternoon
1900-01-01 15:58:24,15,58,afternoon
1900-01-01 15:58:31,15,58,afternoon
1900-01-01 16:00:06,16,0,afternoon
1900-01-01 16:00:44,16,0,afternoon
1900-01-01 16:03:08,16,3,afternoon
1900-01-01 16:04:22,16,4,afternoon
1900-01-01 16:07:48,16,7,afternoon
1900-01-01 16:08:18,16,8,afternoon
1900-01-01 16:13:17,16,13,afternoon
1900-01-01 16:14:44,16,14,afternoon
1900-01-01 16:15:10,16,15,afternoon
1900-01-01 16:16:00,16,16,afternoon
1900-01-01 16:16:52,16,16,afternoon
1900-01-01 16:21:27,16,21,afternoon
1900-01-01 16:22:03,16,22,afternoon
1900-01-01 16:22:58,16,22,afternoon
1900-01-01 16:23:10,16,23,afternoon
1900-01-01 16:23:27,16,23,afternoon
1900-01-01 16:24:45,16,24,afternoon
1900-01-01 16:25:31,16,25,afternoon
1900-01-01 16:25:47,16,25,afternoon
1900-01-01 16:29:14,16,29,afternoon
1900-01-01 16:29:19,16,29,afternoon
1900-01-01 16:29:24,16,29,afternoon
1900-01-01 16:29:35,16,29,afternoon
1900-01-01 16:30:03,16,30,afternoon
1900-01-01 16:31:06,16,31,afternoon
1900-01-01 16:31:41,16,31,afternoon
1900-01-01 16:32:29,16,32,afternoon
1900-01-01 16:33:26,16,33,afternoon
1900-01-01 16:34:56,16,34,afternoon
1900-01-01 16:35:23,16,35,afternoon
1900-01-01 16:37:31,16,37,afternoon
1900-01-01 16:37:59,16,37,afternoon
1900-01-01 16:39:44,16,39,afternoon
1900-01-01 16:40:42,16,40,afternoon
1900-01-01 16:41:45,16,41,afternoon
1900-01-01 16:42:17,16,42,afternoon
1900-01-01 16:43:22,16,43,afternoon
1900-01-01 16:43:36,16,43,afternoon
1900-01-01 16:43:58,16,43,afternoon
1900-01-01 16:49:49,16,49,afternoon
1900-01-01 16:50:27,16,50,afternoon
1900-01-01 16:50:47,16,50,afternoon
1900-01-01 16:51:10,16,51,afternoon
1900-01-01 16:51:51,16,51,afternoon
1900-01-01 16:54:02,16,54,afternoon
1900-01-01 16:54:58,16,54,afternoon
1900-01-01 16:55:17,16,55,afternoon
1900-01-01 16:58:19,16,58,afternoon
1900-01-01 16:59:26,16,59,afternoon
1900-01-01 17:00:58,17,0,evening
1900-01-01 17:03:52,17,3,evening
1900-01-01 17:04:17,17,4,evening
1900-01-01 17:04:37,17,4,evening
1900-01-01 17:04:43,17,4,evening
1900-01-01 17:06:06,17,6,evening
1900-01-01 17:06:38,17,6,evening
1900-01-01 17:06:42,17,6,evening
1900-01-01 17:08:41,17,8,evening
1900-01-01 17:09:42,17,9,evening
1900-01-01 17:10:42,17,10,evening
1900-01-01 17:13:41,17,13,evening
1900-01-01 17:15:25,17,15,evening
1900-01-01 17:15:31,17,15,evening
1900-01-01 17:18:26,17,18,evening
1900-01-01 17:19:24,17,19,evening
1900-01-01 17:21:34,17,21,evening
1900-01-01 17:22:39,17,22,evening
1900-01-01 17:24:14,17,24,evening
1900-01-01 17:25:29,17,25,evening
1900-01-01 17:25:30,17,25,evening
1900-01-01 17:26:45,17,26,evening
1900-01-01 17:27:11,17,27,evening
1900-01-01 17:27:22,17,27,evening
1900-01-01 17:27:24,17,27,evening
1900-01-01 17:28:50,17,28,evening
1900-01-01 17:30:08,17,30,evening
1900-01-01 17:32:11,17,32,evening
1900-01-01 17:35:29,17,35,evening
1900-01-01 17:35:46,17,35,evening
1900-01-01 17:38:55,17,38,evening
1900-01-01 17:39:49,17,39,evening
1900-01-01 17:40:08,17,40,evening
1900-01-01 17:40:15,17,40,evening
1900-01-01 17:41:27,17,41,evening
1900-01-01 17:42:13,17,42,evening
1900-01-01 17:42:34,17,42,evening
1900-01-01 17:44:32,17,44,evening
1900-01-01 17:53:41,17,53,evening
1900-01-01 17:55:24,17,55,evening
1900-01-01 17:55:59,17,55,evening
1900-01-01 17:56:21,17,56,evening
1900-01-01 17:57:08,17,57,evening
1900-01-01 17:58:41,17,58,evening
1900-01-01 17:59:02,17,59,evening
1900-01-01 18:00:57,18,0,evening
1900-01-01 18:01:19,18,1,evening
1900-01-01 18:01:37,18,1,evening
1900-01-01 18:01:58,18,1,evening
1900-01-01 18:02:52,18,2,evening
1900-01-01 18:03:28,18,3,evening
1900-01-01 18:07:36,18,7,evening
1900-01-01 18:07:48,18,7,evening
1900-01-01 18:12:02,18,12,evening
1900-01-01 18:14:14,18,14,evening
1900-01-01 18:16:50,18,16,evening
1900-01-01 18:17:17,18,17,evening
1900-01-01 18:18:00,18,18,evening
1900-01-01 18:18:29,18,18,evening
1900-01-01 18:20:26,18,20,evening
1900-01-01 18:20:48,18,20,evening
1900-01-01 18:22:37,18,22,evening
1900-01-01 18:26:13,18,26,evening
1900-01-01 18:27:27,18,27,evening
1900-01-01 18:29:24,18,29,evening
1900-01-01 18:30:40,18,30,evening
1900-01-01 18:32:23,18,32,evening
1900-01-01 18:34:55,18,34,evening
1900-01-01 18:37:32,18,37,evening
1900-01-01 18:39:35,18,39,evening
1900-01-01 18:40:45,18,40,evening
1900-01-01 18:42:28,18,42,evening
1900-01-01 18:44:21,18,44,evening
1900-01-01 18:45:31,18,45,evening
1900-01-01 18:46:25,18,46,evening
1900-01-01 18:49:23,18,49,evening
1900-01-01 18:51:56,18,51,evening
1900-01-01 18:54:16,18,54,evening
1900-01-01 18:56:00,18,56,evening
1900-01-01 18:57:29,18,57,evening
1900-01-01 18:58:53,18,58,evening
1900-01-01 18:59:38,18,59,evening
1900-01-01 19:00:13,19,0,evening
1900-01-01 19:05:02,19,5,evening
1900-01-01 19:06:16,19,6,evening
1900-01-01 19:07:24,19,7,evening
1900-01-01 19:09:50,19,9,evening
1900-01-01 19:10:40,19,10,evening
1900-01-01 19:11:11,19,11,evening
1900-01-01 19:14:00,19,14,evening
1900-01-01 19:15:30,19,15,evening
1900-01-01 19:19:16,19,19,evening
1900-01-01 19:19:20,19,19,evening
1900-01-01 19:21:51,19,21,evening
1900-01-01 19:22:36,19,22,evening
1900-01-01 19:23:06,19,23,evening
1900-01-01 19:23:22,19,23,evening
1900-01-01 19:25:19,19,25,evening
1900-01-01 19:27:38,19,27,evening
1900-01-01 19:31:40,19,31,evening
1900-01-01 19:32:22,19,32,evening
1900-01-01 19:33:51,19,33,evening
1900-01-01 19:35:27,19,35,evening
1900-01-01 19:35:54,19,35,evening
1900-01-01 19:37:44,19,37,evening
1900-01-01 19:38:33,19,38,evening
1900-01-01 19:39:21,19,39,evening
1900-01-01 19:40:09,19,40,evening
1900-01-01 19:40:35,19,40,evening
1900-01-01 19:49:19,19,49,evening
1900-01-01 19:50:56,19,50,evening
1900-01-01 19:52:04,19,52,evening
1900-01-01 19:52:34,19,52,evening
1900-01-01 19:53:30,19,53,evening
1900-01-01 19:54:02,19,54,evening
1900-01-01 19:58:26,19,58,evening
1900-01-01 19:59:36,19,59,evening
1900-01-01 07:09:20,7,9,morning
1900-01-01 07:12:12,7,12,morning
1900-01-01 07:15:38,7,15,morning
1900-01-01 07:30:48,7,30,morning
1900-01-01 07:35:22,7,35,morning
1900-01-01 07:40:18,7,40,morning
1900-01-01 07:49:49,7,49,morning
1900-01-01 08:03:34,8,3,morning
1900-01-01 08:06:13,8,6,morning
1900-01-01 08:09:05,8,9,morning
1900-01-01 08:14:55,8,14,morning
1900-01-01 08:16:20,8,16,morning
1900-01-01 08:18:32,8,18,morning
1900-01-01 08:25:05,8,25,morning
1900-01-01 08:28:18,8,28,morning
1900-01-01 08:29:19,8,29,morning
1900-01-01 08:30:16,8,30,morning
1900-01-01 08:31:15,8,31,morning
1900-01-01 08:32:18,8,32,morning
1900-01-01 08:37:10,8,37,morning
1900-01-01 08:37:14,8,37,morning
1900-01-01 08:38:20,8,38,morning
1900-01-01 08:42:10,8,42,morning
1900-01-01 08:43:01,8,43,morning
1900-01-01 08:43:10,8,43,morning
1900-01-01 08:44:26,8,44,morning
1900-01-01 08:45:29,8,45,morning
1900-01-01 08:53:36,8,53,morning
1900-01-01 08:58:38,8,58,morning
1900-01-01 09:01:37,9,1,morning
1900-01-01 09:04:45,9,4,morning
1900-01-01 09:06:58,9,6,morning
1900-01-01 09:08:30,9,8,morning
1900-01-01 09:11:25,9,11,morning
1900-01-01 09:16:58,9,16,morning
1900-01-01 09:21:25,9,21,morning
1900-01-01 09:23:19,9,23,morning
1900-01-01 09:30:16,9,30,morning
1900-01-01 09:38:54,9,38,morning
1900-01-01 09:40:25,9,40,morning
1900-01-01 09:40:45,9,40,morning
1900-01-01 09:42:42,9,42,morning
1900-01-01 09:44:40,9,44,morning
1900-01-01 09:53:31,9,53,morning
1900-01-01 09:56:07,9,56,morning
1900-01-01 09:56:35,9,56,morning
1900-01-01 09:57:39,9,57,morning
1900-01-01 09:58:10,9,58,morning
1900-01-01 10:01:39,10,1,morning
1900-01-01 10:03:45,10,3,morning
1900-01-01 10:04:51,10,4,morning
1900-01-01 10:05:03,10,5,morning
1900-01-01 10:13:21,10,13,morning
1900-01-01 10:13:38,10,13,morning
1900-01-01 10:18:40,10,18,morning
1900-01-01 10:18:58,10,18,morning
1900-01-01 10:19:21,10,19,morning
1900-01-01 10:22:16,10,22,morning
1900-01-01 10:24:25,10,24,morning
1900-01-01 10:24:38,10,24,morning
1900-01-01 10:27:54,10,27,morning
1900-01-01 10:28:27,10,28,morning
1900-01-01 10:40:09,10,40,morning
1900-01-01 10:43:20,10,43,morning
1900-01-01 11:01:13,11,1,morning
1900-01-01 11:01:26,11,1,morning
1900-01-01 11:01:28,11,1,morning
1900-01-01 11:06:08,11,6,morning
1900-01-01 11:11:40,11,11,morning
1900-01-01 11:11:46,11,11,morning
1900-01-01 11:11:58,11,11,morning
1900-01-01 11:12:15,11,12,morning
1900-01-01 11:12:51,11,12,morning
1900-01-01 11:14:39,11,14,morning
1900-01-01 11:21:23,11,21,morning
1900-01-01 11:21:27,11,21,morning
1900-01-01 11:22:35,11,22,morning
1900-01-01 11:22:36,11,22,morning
1900-01-01 11:24:28,11,24,morning
1900-01-01 11:26:14,11,26,morning
1900-01-01 11:27:20,11,27,morning
1900-01-01 11:28:10,11,28,morning
1900-01-01 11:28:17,11,28,morning
1900-01-01 11:28:26,11,28,morning
1900-01-01 11:29:36,11,29,morning
1900-01-01 11:31:06,11,31,morning
1900-01-01 11:31:26,11,31,morning
1900-01-01 11:33:32,11,33,morning
1900-01-01 11:38:25,11,38,morning
1900-01-01 11:39:47,11,39,morning
1900-01-01 11:40:03,11,40,morning
1900-01-01 11:44:07,11,44,morning
1900-01-01 11:46:45,11,46,morning
1900-01-01 11:48:07,11,48,morning
1900-01-01 11:51:42,11,51,morning
1900-01-01 11:52:23,11,52,morning
1900-01-01 11:55:06,11,55,morning
1900-01-01 11:56:32,11,56,morning
1900-01-01 11:57:34,11,57,morning
1900-01-01 11:59:01,11,59,morning
1900-01-01 11:59:26,11,59,morning
1900-01-01 12:00:11,12,0,afternoon
1900-01-01 12:00:58,12,0,afternoon
1900-01-01 12:01:42,12,1,afternoon
1900-01-01 12:02:09,12,2,afternoon
1900-01-01 12:02:52,12,2,afternoon
1900-01-01 12:04:48,12,4,afternoon
1900-01-01 12:04:58,12,4,afternoon
1900-01-01 12:05:50,12,5,afternoon
1900-01-01 12:05:53,12,5,afternoon
1900-01-01 12:07:44,12,7,afternoon
1900-01-01 12:07:51,12,7,afternoon
1900-01-01 12:07:52,12,7,afternoon
1900-01-01 12:09:31,12,9,afternoon
1900-01-01 12:10:02,12,10,afternoon
1900-01-01 12:11:39,12,11,afternoon
1900-01-01 12:12:00,12,12,afternoon
1900-01-01 12:14:53,12,14,afternoon
1900-01-01 12:15:32,12,15,afternoon
1900-01-01 12:16:10,12,16,afternoon
1900-01-01 12:16:32,12,16,afternoon
1900-01-01 12:17:21,12,17,afternoon
1900-01-01 12:17:51,12,17,afternoon
1900-01-01 12:18:15,12,18,afternoon
1900-01-01 12:20:07,12,20,afternoon
1900-01-01 12:20:52,12,20,afternoon
1900-01-01 12:23:16,12,23,afternoon
1900-01-01 12:23:21,12,23,afternoon
1900-01-01 12:23:34,12,23,afternoon
1900-01-01 12:28:36,12,28,afternoon
1900-01-01 12:28:49,12,28,afternoon
1900-01-01 12:29:24,12,29,afternoon
1900-01-01 12:30:36,12,30,afternoon
1900-01-01 12:31:19,12,31,afternoon
1900-01-01 12:34:06,12,34,afternoon
1900-01-01 12:34:32,12,34,afternoon
1900-01-01 12:35:16,12,35,afternoon
1900-01-01 12:36:02,12,36,afternoon
1900-01-01 12:42:56,12,42,afternoon
1900-01-01 12:44:08,12,44,afternoon
1900-01-01 12:45:57,12,45,afternoon
1900-01-01 12:49:10,12,49,afternoon
1900-01-01 12:50:19,12,50,afternoon
1900-01-01 12:50:56,12,50,afternoon
1900-01-01 12:51:54,12,51,afternoon
1900-01-01 12:54:13,12,54,afternoon
1900-01-01 12:54:41,12,54,afternoon
1900-01-01 12:58:36,12,58,afternoon
1900-01-01 12:59:15,12,59,afternoon
1900-01-01 12:59:29,12,59,afternoon
1900-01-01 13:00:20,13,0,afternoon
1900-01-01 13:03:55,13,3,afternoon
1900-01-01 13:07:28,13,7,afternoon
1900-01-01 13:08:33,13,8,afternoon
1900-01-01 13:09:08,13,9,afternoon
1900-01-01 13:12:37,13,12,afternoon
1900-01-01 13:13:40,13,13,afternoon
1900-01-01 13:14:55,13,14,afternoon
1900-01-01 13:15:30,13,15,afternoon
1900-01-01 13:15:45,13,15,afternoon
1900-01-01 13:17:22,13,17,afternoon
1900-01-01 13:17:25,13,17,afternoon
1900-01-01 13:17:56,13,17,afternoon
1900-01-01 13:19:45,13,19,afternoon
1900-01-01 13:26:45,13,26,afternoon
1900-01-01 13:27:17,13,27,afternoon
1900-01-01 13:30:02,13,30,afternoon
1900-01-01 13:31:23,13,31,afternoon
1900-01-01 13:32:03,13,32,afternoon
1900-01-01 13:39:22,13,39,afternoon
1900-01-01 13:41:31,13,41,afternoon
1900-01-01 13:42:03,13,42,afternoon
1900-01-01 13:42:22,13,42,afternoon
1900-01-01 13:44:07,13,44,afternoon
1900-01-01 13:44:15,13,44,afternoon
1900-01-01 13:48:50,13,48,afternoon
1900-01-01 13:49:07,13,49,afternoon
1900-01-01 13:50:04,13,50,afternoon
1900-01-01 13:51:18,13,51,afternoon
1900-01-01 13:51:44,13,51,afternoon
1900-01-01 13:51:59,13,51,afternoon
1900-01-01 13:56:40,13,56,afternoon
1900-01-01 13:57:11,13,57,afternoon
1900-01-01 13:57:40,13,57,afternoon
1900-01-01 13:58:49,13,58,afternoon
1900-01-01 13:58:53,13,58,afternoon
1900-01-01 13:59:57,13,59,afternoon
1900-01-01 14:02:55,14,2,afternoon
1900-01-01 14:03:19,14,3,afternoon
1900-01-01 14:03:56,14,3,afternoon
1900-01-01 14:04:09,14,4,afternoon
1900-01-01 14:05:55,14,5,afternoon
1900-01-01 14:07:09,14,7,afternoon
1900-01-01 14:07:36,14,7,afternoon
1900-01-01 14:08:52,14,8,afternoon
1900-01-01 14:12:24,14,12,afternoon
1900-01-01 14:13:50,14,13,afternoon
1900-01-01 14:15:31,14,15,afternoon
1900-01-01 14:15:47,14,15,afternoon
1900-01-01 14:16:49,14,16,afternoon
1900-01-01 14:17:15,14,17,afternoon
1900-01-01 14:17:50,14,17,afternoon
1900-01-01 14:19:06,14,19,afternoon
1900-01-01 14:19:28,14,19,afternoon
1900-01-01 14:20:56,14,20,afternoon
1900-01-01 14:21:09,14,21,afternoon
1900-01-01 14:21:46,14,21,afternoon
1900-01-01 14:24:03,14,24,afternoon
1900-01-01 14:26:56,14,26,afternoon
1900-01-01 14:28:28,14,28,afternoon
1900-01-01 14:31:03,14,31,afternoon
1900-01-01 14:32:08,14,32,afternoon
1900-01-01 14:33:34,14,33,afternoon
1900-01-01 14:36:27,14,36,afternoon
1900-01-01 14:37:07,14,37,afternoon
1900-01-01 14:38:03,14,38,afternoon
1900-01-01 14:38:16,14,38,afternoon
1900-01-01 14:39:12,14,39,afternoon
1900-01-01 14:41:42,14,41,afternoon
1900-01-01 14:42:37,14,42,afternoon
1900-01-01 14:42:44,14,42,afternoon
1900-01-01 14:42:55,14,42,afternoon
1900-01-01 14:43:05,14,43,afternoon
1900-01-01 14:43:52,14,43,afternoon
1900-01-01 14:44:00,14,44,afternoon
1900-01-01 14:45:13,14,45,afternoon
1900-01-01 14:45:36,14,45,afternoon
1900-01-01 14:46:24,14,46,afternoon
1900-01-01 14:46:46,14,46,afternoon
1900-01-01 14:47:54,14,47,afternoon
1900-01-01 14:48:08,14,48,afternoon
1900-01-01 14:48:49,14,48,afternoon
1900-01-01 14:49:43,14,49,afternoon
1900-01-01 14:52:17,14,52,afternoon
1900-01-01 14:53:18,14,53,afternoon
1900-01-01 14:53:58,14,53,afternoon
1900-01-01 14:55:28,14,55,afternoon
1900-01-01 14:55:44,14,55,afternoon
1900-01-01 14:59:16,14,59,afternoon
1900-01-01 15:00:14,15,0,afternoon
1900-01-01 15:00:47,15,0,afternoon
1900-01-01 15:02:50,15,2,afternoon
1900-01-01 15:03:33,15,3,afternoon
1900-01-01 15:03:50,15,3,afternoon
1900-01-01 15:05:08,15,5,afternoon
1900-01-01 15:05:41,15,5,afternoon
1900-01-01 15:06:15,15,6,afternoon
1900-01-01 15:08:10,15,8,afternoon
1900-01-01 15:08:17,15,8,afternoon
1900-01-01 15:14:28,15,14,afternoon
1900-01-01 15:16:24,15,16,afternoon
1900-01-01 15:16:29,15,16,afternoon
1900-01-01 15:17:02,15,17,afternoon
1900-01-01 15:17:31,15,17,afternoon
