transaction_id,transaction_date,transaction_time,store_id,product_id,transaction_qty,unit_price,total_amount
1,2023-01-01,07:06:11,5,32,2,3.0,6.0
2,2023-01-01,07:08:56,5,57,2,3.1,6.2
3,2023-01-01,07:14:04,5,59,2,4.5,9.0
4,2023-01-01,07:20:24,5,22,1,2.0,2.0
5,2023-01-01,07:22:41,5,57,2,3.1,6.2
6,2023-01-01,07:22:41,5,77,1,3.0,3.0
7,2023-01-01,07:25:49,5,22,1,2.0,2.0
8,2023-01-01,07:33:34,5,28,2,2.0,4.0
9,2023-01-01,07:39:13,5,39,1,4.25,4.25
10,2023-01-01,07:39:34,5,58,2,3.5,7.0
11,2023-01-01,07:43:05,5,56,1,2.55,2.55
12,2023-01-01,07:44:35,5,33,2,3.5,7.0
13,2023-01-01,07:45:51,5,51,1,3.0,3.0
14,2023-01-01,07:48:19,5,57,1,3.1,3.1
15,2023-01-01,07:52:36,5,87,2,3.0,6.0
16,2023-01-01,07:59:58,5,47,2,3.0,6.0
17,2023-01-01,07:59:58,5,79,1,3.75,3.75
18,2023-01-01,08:00:18,8,42,1,2.5,2.5
19,2023-01-01,08:00:39,8,59,2,4.5,9.0
20,2023-01-01,08:11:45,8,61,1,4.75,4.75
21,2023-01-01,08:17:27,8,33,2,3.5,7.0
22,2023-01-01,08:24:26,5,56,2,2.55,5.1
23,2023-01-01,08:24:26,5,69,1,3.25,3.25
24,2023-01-01,08:29:38,8,56,1,2.55,2.55
25,2023-01-01,08:31:23,8,40,1,3.75,3.75
26,2023-01-01,08:33:08,5,43,1,3.0,3.0
27,2023-01-01,08:33:08,5,76,1,3.5,3.5
28,2023-01-01,08:35:03,5,45,2,3.0,6.0
29,2023-01-01,08:35:03,5,71,1,3.75,3.75
30,2023-01-01,08:41:57,8,40,2,3.75,7.5
31,2023-01-01,08:52:03,8,38,1,3.75,3.75
32,2023-01-01,08:52:32,5,26,1,3.0,3.0
33,2023-01-01,08:54:33,5,27,2,3.5,7.0
34,2023-01-01,08:56:27,5,29,2,2.5,5.0
35,2023-01-01,08:57:46,8,54,1,2.5,2.5
36,2023-01-01,08:58:55,5,26,1,3.0,3.0
37,2023-01-01,09:00:12,5,55,1,4.0,4.0
38,2023-01-01,09:00:24,8,40,2,3.75,7.5
39,2023-01-01,09:07:13,8,45,1,3.0,3.0
40,2023-01-01,09:08:09,8,45,2,3.0,6.0
41,2023-01-01,09:08:13,8,24,1,3.0,3.0
42,2023-01-01,09:10:30,5,60,2,3.75,7.5
43,2023-01-01,09:10:30,5,78,1,4.5,4.5
44,2023-01-01,09:11:06,5,56,1,2.55,2.55
45,2023-01-01,09:11:06,5,77,1,3.0,3.0
46,2023-01-01,09:13:01,5,44,1,2.5,2.5
47,2023-01-01,09:13:15,5,56,2,2.55,5.1
48,2023-01-01,09:14:16,5,48,1,2.5,2.5
49,2023-01-01,09:14:17,8,23,1,2.5,2.5
50,2023-01-01,09:14:25,8,46,1,2.5,2.5
51,2023-01-01,09:14:41,8,32,1,3.0,3.0
52,2023-01-01,09:15:09,5,47,2,3.0,6.0
53,2023-01-01,09:15:13,5,43,2,3.0,6.0
54,2023-01-01,09:19:21,5,25,2,2.2,4.4
55,2023-01-01,09:19:26,8,59,1,4.5,4.5
56,2023-01-01,09:21:08,5,38,1,3.75,3.75
57,2023-01-01,09:22:17,8,45,1,3.0,3.0
58,2023-01-01,09:22:46,5,34,1,2.45,2.45
59,2023-01-01,09:29:56,8,36,2,3.75,7.5
60,2023-01-01,09:29:56,8,74,1,3.5,3.5
61,2023-01-01,09:29:57,8,53,1,3.0,3.0
62,2023-01-01,09:34:17,8,41,2,4.25,8.5
63,2023-01-01,09:40:13,5,41,1,4.25,4.25
64,2023-01-01,09:41:22,5,45,2,3.0,6.0
65,2023-01-01,09:41:22,5,79,1,3.75,3.75
66,2023-01-01,09:44:20,5,54,2,2.5,5.0
67,2023-01-01,09:44:46,5,24,1,3.0,3.0
68,2023-01-01,09:46:46,5,37,2,3.0,6.0
69,2023-01-01,09:47:40,8,40,2,3.75,7.5
70,2023-01-01,09:50:44,5,37,2,3.0,6.0
71,2023-01-01,09:50:44,5,69,1,3.25,3.25
72,2023-01-01,09:52:58,5,50,1,2.5,2.5
73,2023-01-01,09:53:28,8,47,1,3.0,3.0
74,2023-01-01,09:53:44,8,40,2,3.75,7.5
75,2023-01-01,09:53:44,8,72,1,3.25,3.25
76,2023-01-01,09:53:49,8,35,1,3.1,3.1
77,2023-01-01,09:54:46,5,23,1,2.5,2.5
78,2023-01-01,09:55:16,5,43,2,3.0,6.0
79,2023-01-01,09:56:30,8,22,1,2.0,2.0
80,2023-01-01,10:00:39,8,32,2,3.0,6.0
81,2023-01-01,10:03:55,8,36,2,3.75,7.5
82,2023-01-01,10:14:49,5,26,1,3.0,3.0
83,2023-01-01,10:14:49,5,71,1,3.75,3.75
84,2023-01-01,10:16:30,5,32,2,3.0,6.0
85,2023-01-01,10:16:33,8,54,1,2.5,2.5
86,2023-01-01,10:18:14,8,41,2,4.25,8.5
87,2023-01-01,10:18:52,5,25,2,2.2,4.4
88,2023-01-01,10:19:42,5,23,2,2.5,5.0
89,2023-01-01,10:24:19,8,54,1,2.5,2.5
90,2023-01-01,10:25:22,8,56,2,2.55,5.1
91,2023-01-01,10:25:45,5,58,2,3.5,7.0
92,2023-01-01,10:25:45,5,74,1,3.5,3.5
93,2023-01-01,10:27:48,8,47,2,3.0,6.0
94,2023-01-01,10:30:07,5,35,1,3.1,3.1
95,2023-01-01,10:30:07,5,70,1,3.25,3.25
96,2023-01-01,10:35:47,8,60,1,3.75,3.75
97,2023-01-01,10:41:53,5,59,1,4.5,4.5
98,2023-01-01,10:47:53,5,36,2,3.75,7.5
99,2023-01-01,10:49:13,8,51,2,3.0,6.0
100,2023-01-01,10:49:51,5,61,2,4.75,9.5
101,2023-01-01,10:51:17,5,47,1,3.0,3.0
102,2023-01-01,10:52:44,8,23,2,2.5,5.0
103,2023-01-01,10:52:44,8,73,1,3.75,3.75
104,2023-01-01,10:56:14,5,38,1,3.75,3.75
105,2023-01-01,10:56:14,5,76,1,3.5,3.5
106,2023-01-01,11:01:48,3,22,1,2.0,2.0
107,2023-01-01,11:01:58,3,38,1,3.75,3.75
108,2023-01-01,11:01:58,3,75,1,3.5,3.5
109,2023-01-01,11:03:25,5,47,2,3.0,6.0
110,2023-01-01,11:03:25,5,75,1,3.5,3.5
111,2023-01-01,11:04:32,8,39,2,4.25,8.5
112,2023-01-01,11:08:11,3,59,1,4.5,4.5
113,2023-01-01,11:08:59,8,51,2,3.0,6.0
114,2023-01-01,11:09:01,3,59,1,4.5,4.5
115,2023-01-01,11:10:21,3,47,1,3.0,3.0
116,2023-01-01,11:10:21,3,79,1,3.75,3.75
117,2023-01-01,11:10:58,3,46,1,2.5,2.5
118,2023-01-01,11:12:29,3,43,1,3.0,3.0
119,2023-01-01,11:16:02,3,45,2,3.0,6.0
120,2023-01-01,11:21:00,8,54,2,2.5,5.0
121,2023-01-01,11:21:04,5,51,2,3.0,6.0
122,2023-01-01,11:21:14,3,60,1,3.75,3.75
123,2023-01-01,11:23:01,8,31,1,2.2,2.2
124,2023-01-01,11:23:43,5,60,2,3.75,7.5
125,2023-01-01,11:23:43,5,77,1,3.0,3.0
126,2023-01-01,11:25:35,3,49,2,3.0,6.0
127,2023-01-01,11:25:37,5,40,2,3.75,7.5
128,2023-01-01,11:28:15,8,44,2,2.5,5.0
129,2023-01-01,11:28:29,3,33,2,3.5,7.0
130,2023-01-01,11:29:25,5,56,2,2.55,5.1
131,2023-01-01,11:29:57,8,35,2,3.1,6.2
132,2023-01-01,11:29:57,8,78,1,4.5,4.5
133,2023-01-01,11:30:22,8,23,1,2.5,2.5
134,2023-01-01,11:31:35,8,24,1,3.0,3.0
135,2023-01-01,11:31:43,5,51,2,3.0,6.0
136,2023-01-01,11:31:43,5,72,1,3.25,3.25
137,2023-01-01,11:31:53,5,54,2,2.5,5.0
138,2023-01-01,11:31:53,5,75,1,3.5,3.5
139,2023-01-01,11:39:14,5,60,1,3.75,3.75
140,2023-01-01,11:39:14,5,71,1,3.75,3.75
141,2023-01-01,11:40:26,3,52,2,2.5,5.0
142,2023-01-01,11:43:57,3,25,2,2.2,4.4
143,2023-01-01,11:44:09,5,38,1,3.75,3.75
144,2023-01-01,11:47:13,3,30,1,3.0,3.0
145,2023-01-01,11:48:56,8,50,2,2.5,5.0
146,2023-01-01,11:49:42,8,54,1,2.5,2.5
147,2023-01-01,11:49:42,8,72,1,3.25,3.25
148,2023-01-01,11:50:16,3,26,2,3.0,6.0
149,2023-01-01,11:50:23,3,36,2,3.75,7.5
150,2023-01-01,11:50:58,5,45,2,3.0,6.0
151,2023-01-01,11:51:30,8,33,2,3.5,7.0
152,2023-01-01,11:52:31,5,57,1,3.1,3.1
153,2023-01-01,11:57:17,3,37,2,3.0,6.0
154,2023-01-01,11:57:59,3,50,1,2.5,2.5
155,2023-01-01,11:57:59,3,79,1,3.75,3.75
156,2023-01-01,11:58:15,3,60,2,3.75,7.5
157,2023-01-01,12:00:20,5,29,1,2.5,2.5
158,2023-01-01,12:01:00,3,49,2,3.0,6.0
159,2023-01-01,12:01:20,3,35,2,3.1,6.2
160,2023-01-01,12:01:20,3,75,1,3.5,3.5
161,2023-01-01,12:03:09,8,36,1,3.75,3.75
162,2023-01-01,12:03:38,8,47,1,3.0,3.0
163,2023-01-01,12:03:43,3,44,1,2.5,2.5
164,2023-01-01,12:04:22,8,27,2,3.5,7.0
165,2023-01-01,12:05:31,3,52,2,2.5,5.0
166,2023-01-01,12:06:29,5,46,1,2.5,2.5
167,2023-01-01,12:07:42,8,24,1,3.0,3.0
168,2023-01-01,12:08:21,5,43,1,3.0,3.0
169,2023-01-01,12:08:36,8,35,1,3.1,3.1
170,2023-01-01,12:09:11,3,28,2,2.0,4.0
171,2023-01-01,12:09:12,8,50,2,2.5,5.0
172,2023-01-01,12:13:07,5,38,2,3.75,7.5
173,2023-01-01,12:14:26,8,35,2,3.1,6.2
174,2023-01-01,12:17:38,8,50,2,2.5,5.0
175,2023-01-01,12:18:07,5,25,2,2.2,4.4
176,2023-01-01,12:18:44,3,49,2,3.0,6.0
177,2023-01-01,12:20:16,3,60,2,3.75,7.5
178,2023-01-01,12:23:39,3,24,1,3.0,3.0
179,2023-01-01,12:27:06,5,41,2,4.25,8.5
180,2023-01-01,12:30:46,3,44,2,2.5,5.0
181,2023-01-01,12:30:49,8,38,1,3.75,3.75
182,2023-01-01,12:33:20,3,54,2,2.5,5.0
183,2023-01-01,12:33:35,3,29,2,2.5,5.0
184,2023-01-01,12:35:53,5,31,2,2.2,4.4
185,2023-01-01,12:36:57,8,60,1,3.75,3.75
186,2023-01-01,12:38:28,8,49,2,3.0,6.0
187,2023-01-01,12:42:26,3,53,1,3.0,3.0
188,2023-01-01,12:44:01,8,60,1,3.75,3.75
189,2023-01-01,12:44:31,3,53,1,3.0,3.0
190,2023-01-01,12:44:32,3,52,1,2.5,2.5
191,2023-01-01,12:45:52,3,28,2,2.0,4.0
192,2023-01-01,12:46:22,3,56,1,2.55,2.55
193,2023-01-01,12:46:26,3,23,1,2.5,2.5
194,2023-01-01,12:46:55,3,33,1,3.5,3.5
195,2023-01-01,12:46:55,3,75,1,3.5,3.5
196,2023-01-01,12:48:08,3,38,2,3.75,7.5
197,2023-01-01,12:49:48,8,30,1,3.0,3.0
198,2023-01-01,12:50:15,3,59,1,4.5,4.5
199,2023-01-01,12:50:28,3,32,2,3.0,6.0
200,2023-01-01,12:51:21,8,53,1,3.0,3.0
201,2023-01-01,12:51:57,5,61,1,4.75,4.75
202,2023-01-01,12:51:57,5,72,1,3.25,3.25
203,2023-01-01,12:52:18,5,56,1,2.55,2.55
204,2023-01-01,12:52:18,5,75,1,3.5,3.5
205,2023-01-01,12:53:11,8,29,2,2.5,5.0
206,2023-01-01,12:53:59,8,37,1,3.0,3.0
207,2023-01-01,12:55:25,3,49,1,3.0,3.0
208,2023-01-01,12:55:27,5,57,1,3.1,3.1
209,2023-01-01,12:55:27,5,75,1,3.5,3.5
210,2023-01-01,12:55:36,8,45,1,3.0,3.0
211,2023-01-01,12:55:53,8,26,2,3.0,6.0
212,2023-01-01,12:56:33,3,61,1,4.75,4.75
213,2023-01-01,12:56:59,3,47,1,3.0,3.0
214,2023-01-01,12:58:54,3,44,2,2.5,5.0
215,2023-01-01,12:59:06,8,36,1,3.75,3.75
216,2023-01-01,13:00:38,5,30,2,3.0,6.0
217,2023-01-01,13:01:33,5,25,2,2.2,4.4
218,2023-01-01,13:02:40,8,49,1,3.0,3.0
219,2023-01-01,13:02:40,8,78,1,4.5,4.5
220,2023-01-01,13:02:52,8,26,1,3.0,3.0
221,2023-01-01,13:03:13,3,43,2,3.0,6.0
222,2023-01-01,13:04:01,8,25,2,2.2,4.4
223,2023-01-01,13:04:01,8,72,1,3.25,3.25
224,2023-01-01,13:04:22,8,42,2,2.5,5.0
225,2023-01-01,13:04:37,8,54,2,2.5,5.0
226,2023-01-01,13:04:51,3,22,1,2.0,2.0
227,2023-01-01,13:05:56,3,58,1,3.5,3.5
228,2023-01-01,13:07:37,5,24,2,3.0,6.0
229,2023-01-01,13:09:03,3,35,1,3.1,3.1
230,2023-01-01,13:12:03,5,30,2,3.0,6.0
231,2023-01-01,13:13:09,5,60,1,3.75,3.75
232,2023-01-01,13:17:30,8,56,1,2.55,2.55
233,2023-01-01,13:17:32,3,55,2,4.0,8.0
234,2023-01-01,13:18:34,8,49,2,3.0,6.0
235,2023-01-01,13:19:09,8,55,1,4.0,4.0
236,2023-01-01,13:19:09,8,75,1,3.5,3.5
237,2023-01-01,13:19:36,3,23,1,2.5,2.5
238,2023-01-01,13:19:56,8,31,2,2.2,4.4
239,2023-01-01,13:20:51,3,35,2,3.1,6.2
240,2023-01-01,13:21:23,3,38,2,3.75,7.5
241,2023-01-01,13:22:11,5,23,1,2.5,2.5
242,2023-01-01,13:22:45,3,46,2,2.5,5.0
243,2023-01-01,13:23:54,3,58,2,3.5,7.0
244,2023-01-01,13:24:29,5,60,2,3.75,7.5
245,2023-01-01,13:30:49,5,31,2,2.2,4.4
246,2023-01-01,13:32:07,5,25,2,2.2,4.4
247,2023-01-01,13:32:34,5,87,1,3.0,3.0
248,2023-01-01,13:34:12,3,28,2,2.0,4.0
249,2023-01-01,13:38:09,8,27,1,3.5,3.5
250,2023-01-01,13:38:11,8,40,2,3.75,7.5
251,2023-01-01,13:39:41,5,51,1,3.0,3.0
252,2023-01-01,13:40:47,3,54,2,2.5,5.0
253,2023-01-01,13:41:09,3,42,2,2.5,5.0
254,2023-01-01,13:42:10,3,43,1,3.0,3.0
255,2023-01-01,13:42:49,5,36,1,3.75,3.75
256,2023-01-01,13:42:58,5,52,1,2.5,2.5
257,2023-01-01,13:42:58,5,72,1,3.25,3.25
258,2023-01-01,13:43:18,3,54,2,2.5,5.0
259,2023-01-01,13:43:18,3,69,1,3.25,3.25
260,2023-01-01,13:43:41,5,25,2,2.2,4.4
261,2023-01-01,13:44:26,3,57,1,3.1,3.1
262,2023-01-01,13:47:51,8,40,1,3.75,3.75
263,2023-01-01,13:49:03,8,22,2,2.0,4.0
264,2023-01-01,13:50:09,5,53,1,3.0,3.0
265,2023-01-01,13:50:47,8,54,2,2.5,5.0
266,2023-01-01,13:51:56,8,32,2,3.0,6.0
267,2023-01-01,13:53:04,3,38,2,3.75,7.5
268,2023-01-01,13:53:31,8,33,1,3.5,3.5
269,2023-01-01,13:54:18,8,22,2,2.0,4.0
270,2023-01-01,13:55:04,5,42,1,2.5,2.5
271,2023-01-01,13:55:50,8,45,2,3.0,6.0
272,2023-01-01,13:56:15,8,48,2,2.5,5.0
273,2023-01-01,13:56:24,8,53,1,3.0,3.0
274,2023-01-01,13:57:34,5,27,2,3.5,7.0
275,2023-01-01,13:57:34,5,71,1,3.75,3.75
276,2023-01-01,13:58:10,3,46,2,2.5,5.0
277,2023-01-01,13:58:11,5,34,1,2.45,2.45
278,2023-01-01,13:59:58,5,39,2,4.25,8.5
279,2023-01-01,14:03:34,5,25,2,2.2,4.4
280,2023-01-01,14:03:34,5,69,1,3.25,3.25
281,2023-01-01,14:03:41,3,32,1,3.0,3.0
282,2023-01-01,14:07:12,3,41,2,4.25,8.5
283,2023-01-01,14:07:56,3,23,1,2.5,2.5
284,2023-01-01,14:08:03,8,24,1,3.0,3.0
285,2023-01-01,14:08:03,8,71,1,3.75,3.75
286,2023-01-01,14:11:14,8,60,2,3.75,7.5
287,2023-01-01,14:13:28,5,57,2,3.1,6.2
288,2023-01-01,14:19:57,5,23,2,2.5,5.0
289,2023-01-01,14:20:06,3,35,2,3.1,6.2
290,2023-01-01,14:20:08,3,42,2,2.5,5.0
291,2023-01-01,14:22:01,8,49,2,3.0,6.0
292,2023-01-01,14:22:38,5,39,2,4.25,8.5
293,2023-01-01,14:23:28,8,55,1,4.0,4.0
294,2023-01-01,14:23:28,8,71,1,3.75,3.75
295,2023-01-01,14:24:55,3,41,2,4.25,8.5
296,2023-01-01,14:24:55,3,79,1,3.75,3.75
297,2023-01-01,14:25:32,3,58,2,3.5,7.0
298,2023-01-01,14:25:39,5,24,2,3.0,6.0
299,2023-01-01,14:26:36,8,61,1,4.75,4.75
300,2023-01-01,14:29:05,5,45,2,3.0,6.0
301,2023-01-01,14:29:50,5,49,2,3.0,6.0
302,2023-01-01,14:29:50,5,78,1,4.5,4.5
303,2023-01-01,14:30:51,8,48,1,2.5,2.5
304,2023-01-01,14:30:58,5,57,1,3.1,3.1
305,2023-01-01,14:31:26,5,42,1,2.5,2.5
306,2023-01-01,14:32:20,8,30,2,3.0,6.0
307,2023-01-01,14:32:42,5,41,2,4.25,8.5
308,2023-01-01,14:32:54,8,39,2,4.25,8.5
309,2023-01-01,14:35:47,3,55,1,4.0,4.0
310,2023-01-01,14:36:23,3,30,2,3.0,6.0
311,2023-01-01,14:36:35,5,57,1,3.1,3.1
312,2023-01-01,14:37:48,5,44,1,2.5,2.5
313,2023-01-01,14:39:06,5,87,1,3.0,3.0
314,2023-01-01,14:39:48,8,34,2,2.45,4.9
315,2023-01-01,14:42:39,5,61,2,4.75,9.5
316,2023-01-01,14:43:13,3,50,2,2.5,5.0
317,2023-01-01,14:45:31,3,47,1,3.0,3.0
318,2023-01-01,14:46:09,8,48,1,2.5,2.5
319,2023-01-01,14:47:29,8,24,1,3.0,3.0
320,2023-01-01,14:47:29,8,75,1,3.5,3.5
321,2023-01-01,14:49:49,8,51,2,3.0,6.0
322,2023-01-01,14:51:19,5,43,2,3.0,6.0
323,2023-01-01,14:55:34,3,34,2,2.45,4.9
324,2023-01-01,14:58:07,8,30,2,3.0,6.0
325,2023-01-01,14:58:35,3,43,1,3.0,3.0
326,2023-01-01,15:02:04,3,39,2,4.25,8.5
327,2023-01-01,15:02:28,8,38,1,3.75,3.75
328,2023-01-01,15:06:27,5,25,2,2.2,4.4
329,2023-01-01,15:08:28,3,43,2,3.0,6.0
330,2023-01-01,15:09:37,3,22,1,2.0,2.0
331,2023-01-01,15:09:54,8,61,1,4.75,4.75
332,2023-01-01,15:10:10,5,40,1,3.75,3.75
333,2023-01-01,15:10:10,5,75,1,3.5,3.5
334,2023-01-01,15:12:22,3,24,1,3.0,3.0
335,2023-01-01,15:12:54,3,52,2,2.5,5.0
336,2023-01-01,15:14:19,3,26,2,3.0,6.0
337,2023-01-01,15:16:37,5,38,2,3.75,7.5
338,2023-01-01,15:18:56,3,61,1,4.75,4.75
339,2023-01-01,15:19:34,3,29,1,2.5,2.5
340,2023-01-01,15:21:05,8,30,2,3.0,6.0
341,2023-01-01,15:22:11,3,39,2,4.25,8.5
342,2023-01-01,15:24:01,8,26,1,3.0,3.0
343,2023-01-01,15:25:09,5,50,2,2.5,5.0
344,2023-01-01,15:27:11,3,58,2,3.5,7.0
345,2023-01-01,15:28:29,3,58,1,3.5,3.5
346,2023-01-01,15:28:54,5,43,1,3.0,3.0
347,2023-01-01,15:29:24,3,57,1,3.1,3.1
348,2023-01-01,15:29:24,3,70,1,3.25,3.25
349,2023-01-01,15:30:16,3,43,1,3.0,3.0
350,2023-01-01,15:30:27,3,31,2,2.2,4.4
351,2023-01-01,15:30:58,5,34,1,2.45,2.45
352,2023-01-01,15:30:58,8,29,2,2.5,5.0
353,2023-01-01,15:33:36,5,28,2,2.0,4.0
354,2023-01-01,15:33:36,5,74,1,3.5,3.5
355,2023-01-01,15:34:10,3,41,2,4.25,8.5
356,2023-01-01,15:34:10,3,76,1,3.5,3.5
357,2023-01-01,15:36:59,5,37,2,3.0,6.0
358,2023-01-01,15:39:44,8,44,1,2.5,2.5
359,2023-01-01,15:42:20,3,36,1,3.75,3.75
360,2023-01-01,15:45:16,3,46,2,2.5,5.0
361,2023-01-01,15:46:34,5,40,2,3.75,7.5
362,2023-01-01,15:51:15,8,35,2,3.1,6.2
363,2023-01-01,15:52:23,5,39,2,4.25,8.5
364,2023-01-01,15:52:23,5,69,1,3.25,3.25
365,2023-01-01,15:53:55,5,33,2,3.5,7.0
366,2023-01-01,15:55:45,8,24,1,3.0,3.0
367,2023-01-01,15:55:50,3,31,2,2.2,4.4
368,2023-01-01,15:58:55,8,48,1,2.5,2.5
369,2023-01-01,16:00:23,8,38,1,3.75,3.75
370,2023-01-01,16:02:07,8,41,1,4.25,4.25
371,2023-01-01,16:03:30,3,34,2,2.45,4.9
372,2023-01-01,16:03:54,8,46,1,2.5,2.5
373,2023-01-01,16:04:10,3,42,2,2.5,5.0
374,2023-01-01,16:06:04,3,23,2,2.5,5.0
375,2023-01-01,16:07:20,3,23,2,2.5,5.0
376,2023-01-01,16:08:59,3,42,2,2.5,5.0
377,2023-01-01,16:10:37,3,42,2,2.5,5.0
378,2023-01-01,16:12:00,8,87,1,3.0,3.0
379,2023-01-01,16:17:06,3,34,2,2.45,4.9
380,2023-01-01,16:17:52,3,29,2,2.5,5.0
381,2023-01-01,16:19:00,8,29,2,2.5,5.0
382,2023-01-01,16:19:17,3,56,1,2.55,2.55
383,2023-01-01,16:19:26,5,40,2,3.75,7.5
384,2023-01-01,16:20:07,3,36,2,3.75,7.5
385,2023-01-01,16:22:07,5,22,1,2.0,2.0
386,2023-01-01,16:22:38,3,22,1,2.0,2.0
387,2023-01-01,16:25:28,3,44,1,2.5,2.5
388,2023-01-01,16:27:42,5,56,1,2.55,2.55
389,2023-01-01,16:28:00,8,53,2,3.0,6.0
390,2023-01-01,16:28:57,5,42,1,2.5,2.5
391,2023-01-01,16:29:36,3,27,2,3.5,7.0
392,2023-01-01,16:30:12,3,40,1,3.75,3.75
393,2023-01-01,16:33:35,3,35,1,3.1,3.1
394,2023-01-01,16:35:11,5,28,1,2.0,2.0
395,2023-01-01,16:39:24,3,36,1,3.75,3.75
396,2023-01-01,16:39:27,8,58,1,3.5,3.5
397,2023-01-01,16:40:18,3,33,1,3.5,3.5
398,2023-01-01,16:40:19,5,46,1,2.5,2.5
399,2023-01-01,16:41:51,5,23,1,2.5,2.5
400,2023-01-01,16:43:33,8,50,2,2.5,5.0
401,2023-01-01,16:44:46,3,54,2,2.5,5.0
402,2023-01-01,16:47:05,5,44,1,2.5,2.5
403,2023-01-01,16:47:05,5,72,1,3.25,3.25
404,2023-01-01,16:48:31,5,44,2,2.5,5.0
405,2023-01-01,16:49:19,5,53,1,3.0,3.0
406,2023-01-01,16:49:19,5,71,1,3.75,3.75
407,2023-01-01,16:49:38,3,52,1,2.5,2.5
408,2023-01-01,16:52:13,8,42,2,2.5,5.0
409,2023-01-01,16:52:51,5,50,1,2.5,2.5
410,2023-01-01,16:56:48,3,28,1,2.0,2.0
411,2023-01-01,16:58:42,3,58,1,3.5,3.5
412,2023-01-01,16:58:42,3,69,1,3.25,3.25
413,2023-01-01,17:01:03,5,36,2,3.75,7.5
414,2023-01-01,17:01:31,8,50,2,2.5,5.0
415,2023-01-01,17:03:21,3,50,1,2.5,2.5
416,2023-01-01,17:05:44,3,36,2,3.75,7.5
417,2023-01-01,17:09:18,8,47,2,3.0,6.0
418,2023-01-01,17:10:34,3,27,1,3.5,3.5
419,2023-01-01,17:10:35,3,59,1,4.5,4.5
420,2023-01-01,17:11:58,8,36,2,3.75,7.5
421,2023-01-01,17:13:17,5,31,2,2.2,4.4
422,2023-01-01,17:16:17,8,35,1,3.1,3.1
423,2023-01-01,17:17:19,8,55,2,4.0,8.0
424,2023-01-01,17:17:22,8,31,1,2.2,2.2
425,2023-01-01,17:18:36,3,29,1,2.5,2.5
426,2023-01-01,17:19:08,5,34,2,2.45,4.9
427,2023-01-01,17:19:08,5,75,1,3.5,3.5
428,2023-01-01,17:19:11,8,39,2,4.25,8.5
429,2023-01-01,17:19:28,8,28,2,2.0,4.0
430,2023-01-01,17:19:49,8,87,2,3.0,6.0
431,2023-01-01,17:19:49,8,78,1,4.5,4.5
432,2023-01-01,17:20:02,8,46,2,2.5,5.0
433,2023-01-01,17:20:02,8,77,1,3.0,3.0
434,2023-01-01,17:22:36,3,36,1,3.75,3.75
435,2023-01-01,17:23:03,5,48,1,2.5,2.5
436,2023-01-01,17:23:04,3,41,1,4.25,4.25
437,2023-01-01,17:25:45,3,58,2,3.5,7.0
438,2023-01-01,17:26:15,8,35,1,3.1,3.1
439,2023-01-01,17:26:15,8,76,1,3.5,3.5
440,2023-01-01,17:28:42,5,37,1,3.0,3.0
441,2023-01-01,17:28:42,5,70,1,3.25,3.25
442,2023-01-01,17:29:25,3,46,1,2.5,2.5
443,2023-01-01,17:29:25,3,75,1,3.5,3.5
444,2023-01-01,17:34:47,8,54,2,2.5,5.0
445,2023-01-01,17:35:26,3,47,1,3.0,3.0
446,2023-01-01,17:35:26,3,69,1,3.25,3.25
447,2023-01-01,17:37:26,8,42,1,2.5,2.5
448,2023-01-01,17:40:50,3,55,1,4.0,4.0
449,2023-01-01,17:41:55,3,55,2,4.0,8.0
450,2023-01-01,17:41:55,3,71,1,3.75,3.75
451,2023-01-01,17:43:49,8,52,2,2.5,5.0
452,2023-01-01,17:44:28,3,27,2,3.5,7.0
453,2023-01-01,17:44:28,3,74,1,3.5,3.5
454,2023-01-01,17:44:48,8,34,1,2.45,2.45
455,2023-01-01,17:45:21,8,27,1,3.5,3.5
456,2023-01-01,17:46:21,8,36,2,3.75,7.5
457,2023-01-01,17:46:21,8,76,1,3.5,3.5
458,2023-01-01,17:49:04,8,60,2,3.75,7.5
459,2023-01-01,17:50:19,5,45,1,3.0,3.0
460,2023-01-01,17:50:30,8,38,2,3.75,7.5
461,2023-01-01,17:51:06,3,60,2,3.75,7.5
462,2023-01-01,17:54:11,3,56,2,2.55,5.1
463,2023-01-01,17:56:46,8,30,1,3.0,3.0
464,2023-01-01,17:58:01,5,39,1,4.25,4.25
465,2023-01-01,17:59:44,8,53,2,3.0,6.0
466,2023-01-01,17:59:44,8,76,1,3.5,3.5
467,2023-01-01,18:01:08,8,45,2,3.0,6.0
468,2023-01-01,18:02:00,3,52,1,2.5,2.5
469,2023-01-01,18:02:21,5,49,2,3.0,6.0
470,2023-01-01,18:03:13,3,28,1,2.0,2.0
471,2023-01-01,18:03:13,3,78,1,4.5,4.5
472,2023-01-01,18:04:34,3,28,1,2.0,2.0
473,2023-01-01,18:06:52,3,30,2,3.0,6.0
474,2023-01-01,18:06:52,3,79,1,3.75,3.75
475,2023-01-01,18:07:13,8,23,1,2.5,2.5
476,2023-01-01,18:08:53,3,34,2,2.45,4.9
477,2023-01-01,18:12:37,3,25,2,2.2,4.4
478,2023-01-01,18:13:32,5,23,2,2.5,5.0
479,2023-01-01,18:13:41,8,57,2,3.1,6.2
480,2023-01-01,18:14:28,8,26,2,3.0,6.0
481,2023-01-01,18:17:09,8,36,2,3.75,7.5
482,2023-01-01,18:18:10,3,59,1,4.5,4.5
483,2023-01-01,18:19:45,5,52,1,2.5,2.5
484,2023-01-01,18:19:45,5,76,1,3.5,3.5
485,2023-01-01,18:21:22,3,46,1,2.5,2.5
486,2023-01-01,18:22:12,3,61,2,4.75,9.5
487,2023-01-01,18:22:48,5,37,2,3.0,6.0
488,2023-01-01,18:22:53,3,32,1,3.0,3.0
489,2023-01-01,18:22:53,3,79,1,3.75,3.75
490,2023-01-01,18:23:34,5,53,2,3.0,6.0
491,2023-01-01,18:25:51,3,61,1,4.75,4.75
492,2023-01-01,18:25:57,8,43,1,3.0,3.0
493,2023-01-01,18:27:08,5,54,2,2.5,5.0
494,2023-01-01,18:29:34,8,44,2,2.5,5.0
495,2023-01-01,18:30:05,3,55,2,4.0,8.0
496,2023-01-01,18:34:56,3,60,2,3.75,7.5
497,2023-01-01,18:39:29,3,22,1,2.0,2.0
498,2023-01-01,18:40:29,8,53,2,3.0,6.0
499,2023-01-01,18:41:13,3,24,1,3.0,3.0
500,2023-01-01,18:41:28,8,49,2,3.0,6.0
501,2023-01-01,18:42:04,3,60,2,3.75,7.5
502,2023-01-01,18:42:16,8,54,1,2.5,2.5
503,2023-01-01,18:43:19,3,57,1,3.1,3.1
504,2023-01-01,18:43:42,3,25,1,2.2,2.2
505,2023-01-01,18:45:11,3,38,2,3.75,7.5
506,2023-01-01,18:49:48,3,27,1,3.5,3.5
507,2023-01-01,18:51:23,3,24,2,3.0,6.0
508,2023-01-01,18:51:41,3,28,1,2.0,2.0
509,2023-01-01,18:52:18,8,22,2,2.0,4.0
510,2023-01-01,18:52:57,3,59,2,4.5,9.0
511,2023-01-01,18:55:19,3,56,2,2.55,5.1
512,2023-01-01,18:56:24,8,53,2,3.0,6.0
513,2023-01-01,18:56:35,8,39,2,4.25,8.5
514,2023-01-01,18:56:35,8,73,1,3.75,3.75
515,2023-01-01,19:00:27,3,43,1,3.0,3.0
516,2023-01-01,19:02:52,8,37,2,3.0,6.0
517,2023-01-01,19:06:58,8,38,1,3.75,3.75
518,2023-01-01,19:07:26,8,24,2,3.0,6.0
519,2023-01-01,19:07:40,3,55,1,4.0,4.0
520,2023-01-01,19:08:11,8,27,2,3.5,7.0
521,2023-01-01,19:08:56,3,60,1,3.75,3.75
522,2023-01-01,19:09:54,8,41,1,4.25,4.25
523,2023-01-01,19:10:16,3,27,2,3.5,7.0
524,2023-01-01,19:10:53,8,55,2,4.0,8.0
525,2023-01-01,19:12:49,3,40,2,3.75,7.5
526,2023-01-01,19:14:09,3,32,2,3.0,6.0
527,2023-01-01,19:15:15,3,55,1,4.0,4.0
528,2023-01-01,19:21:35,8,49,1,3.0,3.0
529,2023-01-01,19:22:39,8,40,1,3.75,3.75
530,2023-01-01,19:24:18,8,46,1,2.5,2.5
531,2023-01-01,19:24:18,8,77,1,3.0,3.0
532,2023-01-01,19:29:01,3,44,2,2.5,5.0
533,2023-01-01,19:29:07,3,38,1,3.75,3.75
534,2023-01-01,19:30:55,3,51,2,3.0,6.0
535,2023-01-01,19:34:03,8,43,1,3.0,3.0
536,2023-01-01,19:34:39,8,61,2,4.75,9.5
537,2023-01-01,19:34:48,3,40,1,3.75,3.75
538,2023-01-01,19:35:55,8,27,2,3.5,7.0
539,2023-01-01,19:37:51,3,60,1,3.75,3.75
540,2023-01-01,19:38:46,3,55,2,4.0,8.0
541,2023-01-01,19:39:00,3,47,2,3.0,6.0
542,2023-01-01,19:39:32,3,37,1,3.0,3.0
543,2023-01-01,19:43:29,3,54,1,2.5,2.5
544,2023-01-01,19:44:41,8,61,1,4.75,4.75
545,2023-01-01,19:45:28,8,26,1,3.0,3.0
546,2023-01-01,19:49:37,3,36,1,3.75,3.75
547,2023-01-01,19:52:47,8,32,1,3.0,3.0
548,2023-01-01,19:57:56,3,35,1,3.1,3.1
549,2023-01-01,19:58:29,3,55,1,4.0,4.0
550,2023-01-01,19:58:52,3,39,1,4.25,4.25
551,2023-01-02,07:01:59,5,87,1,3.0,3.0
552,2023-01-02,07:12:05,5,51,1,3.0,3.0
553,2023-01-02,07:16:35,5,28,2,2.0,4.0
554,2023-01-02,07:16:46,5,57,1,3.1,3.1
555,2023-01-02,07:16:46,5,70,1,3.25,3.25
556,2023-01-02,07:22:08,5,61,2,4.75,9.5
557,2023-01-02,07:22:45,5,42,1,2.5,2.5
558,2023-01-02,07:25:59,5,24,1,3.0,3.0
559,2023-01-02,07:35:10,5,53,1,3.0,3.0
560,2023-01-02,07:48:26,5,41,1,4.25,4.25
561,2023-01-02,07:48:26,5,75,1,3.5,3.5
562,2023-01-02,07:53:48,5,27,2,3.5,7.0
563,2023-01-02,07:59:47,5,48,1,2.5,2.5
564,2023-01-02,07:59:47,5,75,1,3.5,3.5
565,2023-01-02,08:03:47,8,32,2,3.0,6.0
566,2023-01-02,08:04:06,8,31,2,2.2,4.4
567,2023-01-02,08:04:55,8,25,1,2.2,2.2
568,2023-01-02,08:04:59,5,61,1,4.75,4.75
569,2023-01-02,08:09:46,5,48,1,2.5,2.5
570,2023-01-02,08:09:51,5,61,1,4.75,4.75
571,2023-01-02,08:11:11,8,61,2,4.75,9.5
572,2023-01-02,08:11:11,8,74,1,3.5,3.5
573,2023-01-02,08:13:24,8,27,1,3.5,3.5
574,2023-01-02,08:14:13,5,55,1,4.0,4.0
575,2023-01-02,08:15:07,8,36,1,3.75,3.75
576,2023-01-02,08:15:10,8,30,2,3.0,6.0
577,2023-01-02,08:17:28,8,44,1,2.5,2.5
578,2023-01-02,08:20:38,5,44,2,2.5,5.0
579,2023-01-02,08:21:32,8,38,2,3.75,7.5
580,2023-01-02,08:23:15,8,26,1,3.0,3.0
581,2023-01-02,08:25:22,5,25,1,2.2,2.2
582,2023-01-02,08:26:13,5,28,2,2.0,4.0
583,2023-01-02,08:26:21,8,31,2,2.2,4.4
584,2023-01-02,08:30:10,5,29,1,2.5,2.5
585,2023-01-02,08:31:35,8,35,1,3.1,3.1
586,2023-01-02,08:34:25,8,25,2,2.2,4.4
587,2023-01-02,08:34:30,8,48,1,2.5,2.5
588,2023-01-02,08:43:50,8,32,1,3.0,3.0
589,2023-01-02,08:51:31,5,32,2,3.0,6.0
590,2023-01-02,08:55:40,5,28,1,2.0,2.0
591,2023-01-02,09:00:14,8,39,1,4.25,4.25
592,2023-01-02,09:01:24,8,53,1,3.0,3.0
593,2023-01-02,09:06:29,5,33,1,3.5,3.5
594,2023-01-02,09:07:31,5,37,2,3.0,6.0
595,2023-01-02,09:11:10,8,59,1,4.5,4.5
596,2023-01-02,09:11:10,8,79,1,3.75,3.75
597,2023-01-02,09:11:45,8,61,1,4.75,4.75
598,2023-01-02,09:11:57,8,34,2,2.45,4.9
599,2023-01-02,09:11:57,8,72,1,3.25,3.25
600,2023-01-02,09:12:47,5,31,2,2.2,4.4
601,2023-01-02,09:12:47,5,75,1,3.5,3.5
602,2023-01-02,09:17:08,8,46,1,2.5,2.5
603,2023-01-02,09:21:01,8,55,1,4.0,4.0
604,2023-01-02,09:22:26,8,40,1,3.75,3.75
605,2023-01-02,09:25:27,5,29,1,2.5,2.5
606,2023-01-02,09:26:16,8,28,2,2.0,4.0
607,2023-01-02,09:29:47,8,22,2,2.0,4.0
608,2023-01-02,09:29:47,8,70,1,3.25,3.25
609,2023-01-02,09:31:37,8,59,2,4.5,9.0
610,2023-01-02,09:33:57,8,23,2,2.5,5.0
611,2023-01-02,09:36:26,8,87,1,3.0,3.0
612,2023-01-02,09:38:46,8,87,2,3.0,6.0
613,2023-01-02,09:40:52,5,48,1,2.5,2.5
614,2023-01-02,09:45:34,5,30,1,3.0,3.0
615,2023-01-02,09:46:33,8,48,2,2.5,5.0
616,2023-01-02,09:48:46,8,32,2,3.0,6.0
617,2023-01-02,09:50:09,8,27,1,3.5,3.5
618,2023-01-02,09:50:57,5,23,1,2.5,2.5
619,2023-01-02,09:52:17,5,26,1,3.0,3.0
620,2023-01-02,09:54:48,8,34,1,2.45,2.45
621,2023-01-02,09:56:28,8,41,2,4.25,8.5
622,2023-01-02,09:56:45,5,51,1,3.0,3.0
623,2023-01-02,09:58:47,5,37,2,3.0,6.0
624,2023-01-02,10:01:57,8,61,1,4.75,4.75
625,2023-01-02,10:03:39,8,30,1,3.0,3.0
626,2023-01-02,10:03:39,8,76,1,3.5,3.5
627,2023-01-02,10:05:11,5,58,1,3.5,3.5
628,2023-01-02,10:05:22,5,55,1,4.0,4.0
629,2023-01-02,10:07:28,5,26,1,3.0,3.0
630,2023-01-02,10:08:23,8,43,1,3.0,3.0
631,2023-01-02,10:10:47,8,56,2,2.55,5.1
632,2023-01-02,10:13:55,5,26,2,3.0,6.0
633,2023-01-02,10:13:55,5,79,1,3.75,3.75
634,2023-01-02,10:16:43,5,28,1,2.0,2.0
635,2023-01-02,10:19:33,8,61,1,4.75,4.75
636,2023-01-02,10:20:52,8,42,2,2.5,5.0
637,2023-01-02,10:22:19,5,23,1,2.5,2.5
638,2023-01-02,10:26:49,5,23,1,2.5,2.5
639,2023-01-02,10:27:05,5,25,1,2.2,2.2
640,2023-01-02,10:28:41,8,42,1,2.5,2.5
641,2023-01-02,10:30:39,8,44,2,2.5,5.0
642,2023-01-02,10:36:18,8,50,2,2.5,5.0
643,2023-01-02,10:36:44,5,51,1,3.0,3.0
644,2023-01-02,10:38:55,8,51,2,3.0,6.0
645,2023-01-02,10:48:57,5,53,1,3.0,3.0
646,2023-01-02,10:49:58,8,32,1,3.0,3.0
647,2023-01-02,10:55:08,8,55,1,4.0,4.0
648,2023-01-02,10:55:35,8,48,1,2.5,2.5
649,2023-01-02,10:59:58,8,32,1,3.0,3.0
650,2023-01-02,11:01:06,5,48,2,2.5,5.0
651,2023-01-02,11:04:21,3,27,1,3.5,3.5
652,2023-01-02,11:04:21,3,70,1,3.25,3.25
653,2023-01-02,11:06:10,3,26,1,3.0,3.0
654,2023-01-02,11:06:10,3,77,1,3.0,3.0
655,2023-01-02,11:06:28,5,25,1,2.2,2.2
656,2023-01-02,11:10:15,8,29,2,2.5,5.0
657,2023-01-02,11:11:23,3,26,2,3.0,6.0
658,2023-01-02,11:12:05,8,41,1,4.25,4.25
659,2023-01-02,11:12:33,5,46,1,2.5,2.5
660,2023-01-02,11:13:01,3,22,2,2.0,4.0
661,2023-01-02,11:13:37,8,50,1,2.5,2.5
662,2023-01-02,11:14:15,3,32,2,3.0,6.0
663,2023-01-02,11:15:12,3,40,1,3.75,3.75
664,2023-01-02,11:15:28,3,30,1,3.0,3.0
665,2023-01-02,11:15:40,3,42,1,2.5,2.5
666,2023-01-02,11:16:51,3,31,2,2.2,4.4
667,2023-01-02,11:16:51,3,75,1,3.5,3.5
668,2023-01-02,11:18:12,3,36,2,3.75,7.5
669,2023-01-02,11:18:25,3,52,2,2.5,5.0
670,2023-01-02,11:19:12,3,30,2,3.0,6.0
671,2023-01-02,11:19:42,8,35,1,3.1,3.1
672,2023-01-02,11:21:43,3,29,2,2.5,5.0
673,2023-01-02,11:21:49,3,38,2,3.75,7.5
674,2023-01-02,11:22:46,3,53,1,3.0,3.0
675,2023-01-02,11:25:20,5,54,2,2.5,5.0
676,2023-01-02,11:27:35,5,48,2,2.5,5.0
677,2023-01-02,11:32:11,8,47,2,3.0,6.0
678,2023-01-02,11:34:44,8,43,1,3.0,3.0
679,2023-01-02,11:35:02,3,49,1,3.0,3.0
680,2023-01-02,11:35:02,3,79,1,3.75,3.75
681,2023-01-02,11:35:14,3,25,2,2.2,4.4
682,2023-01-02,11:35:14,3,69,1,3.25,3.25
683,2023-01-02,11:36:50,5,58,2,3.5,7.0
684,2023-01-02,11:38:23,3,24,2,3.0,6.0
685,2023-01-02,11:39:11,5,42,2,2.5,5.0
686,2023-01-02,11:39:11,5,74,1,3.5,3.5
687,2023-01-02,11:40:12,8,45,2,3.0,6.0
688,2023-01-02,11:41:54,5,48,1,2.5,2.5
689,2023-01-02,11:42:36,8,45,2,3.0,6.0
690,2023-01-02,11:42:36,8,72,1,3.25,3.25
691,2023-01-02,11:43:04,3,26,2,3.0,6.0
692,2023-01-02,11:49:10,5,44,1,2.5,2.5
693,2023-01-02,11:50:18,8,33,1,3.5,3.5
694,2023-01-02,11:50:32,8,33,1,3.5,3.5
695,2023-01-02,11:53:48,8,48,2,2.5,5.0
696,2023-01-02,11:53:54,8,59,2,4.5,9.0
697,2023-01-02,11:54:01,5,43,2,3.0,6.0
698,2023-01-02,11:54:30,3,26,1,3.0,3.0
699,2023-01-02,11:55:31,3,53,1,3.0,3.0
700,2023-01-02,11:56:26,8,28,1,2.0,2.0
701,2023-01-02,11:56:58,8,37,1,3.0,3.0
702,2023-01-02,11:56:58,8,78,1,4.5,4.5
703,2023-01-02,11:58:49,8,35,2,3.1,6.2
704,2023-01-02,11:58:49,8,71,1,3.75,3.75
705,2023-01-02,12:01:50,3,53,1,3.0,3.0
706,2023-01-02,12:03:47,3,23,1,2.5,2.5
707,2023-01-02,12:06:18,3,32,1,3.0,3.0
708,2023-01-02,12:12:01,3,24,2,3.0,6.0
709,2023-01-02,12:12:44,3,42,1,2.5,2.5
710,2023-01-02,12:14:00,8,54,1,2.5,2.5
711,2023-01-02,12:18:13,3,55,1,4.0,4.0
712,2023-01-02,12:18:22,3,25,2,2.2,4.4
713,2023-01-02,12:18:22,3,79,1,3.75,3.75
714,2023-01-02,12:20:43,5,47,1,3.0,3.0
715,2023-01-02,12:20:43,5,71,1,3.75,3.75
716,2023-01-02,12:21:38,8,48,1,2.5,2.5
717,2023-01-02,12:21:39,3,49,1,3.0,3.0
718,2023-01-02,12:21:58,3,53,2,3.0,6.0
719,2023-01-02,12:22:04,3,22,1,2.0,2.0
720,2023-01-02,12:22:12,5,55,1,4.0,4.0
721,2023-01-02,12:22:12,5,79,1,3.75,3.75
722,2023-01-02,12:23:03,5,22,1,2.0,2.0
723,2023-01-02,12:23:30,3,43,1,3.0,3.0
724,2023-01-02,12:23:30,3,78,1,4.5,4.5
725,2023-01-02,12:24:39,5,33,2,3.5,7.0
726,2023-01-02,12:24:39,5,69,1,3.25,3.25
727,2023-01-02,12:25:03,3,24,1,3.0,3.0
728,2023-01-02,12:25:24,5,56,2,2.55,5.1
729,2023-01-02,12:26:13,5,25,2,2.2,4.4
730,2023-01-02,12:26:13,5,78,1,4.5,4.5
731,2023-01-02,12:26:18,8,28,1,2.0,2.0
732,2023-01-02,12:27:01,8,60,1,3.75,3.75
733,2023-01-02,12:28:08,3,51,2,3.0,6.0
734,2023-01-02,12:28:25,3,60,1,3.75,3.75
735,2023-01-02,12:29:07,3,24,1,3.0,3.0
736,2023-01-02,12:30:43,3,50,2,2.5,5.0
737,2023-01-02,12:32:19,8,57,1,3.1,3.1
738,2023-01-02,12:33:04,3,32,2,3.0,6.0
739,2023-01-02,12:34:00,3,24,1,3.0,3.0
740,2023-01-02,12:36:06,8,43,1,3.0,3.0
741,2023-01-02,12:36:37,5,25,1,2.2,2.2
742,2023-01-02,12:38:47,8,87,2,3.0,6.0
743,2023-01-02,12:38:51,3,56,1,2.55,2.55
744,2023-01-02,12:39:04,5,87,2,3.0,6.0
745,2023-01-02,12:41:28,8,87,1,3.0,3.0
746,2023-01-02,12:42:19,5,52,1,2.5,2.5
747,2023-01-02,12:42:47,8,60,1,3.75,3.75
748,2023-01-02,12:45:02,5,26,1,3.0,3.0
749,2023-01-02,12:46:04,3,46,2,2.5,5.0
750,2023-01-02,12:47:49,3,46,2,2.5,5.0
751,2023-01-02,12:53:16,8,22,2,2.0,4.0
752,2023-01-02,12:54:07,5,58,1,3.5,3.5
753,2023-01-02,12:54:07,5,77,1,3.0,3.0
754,2023-01-02,12:54:53,5,52,2,2.5,5.0
755,2023-01-02,12:55:19,3,52,1,2.5,2.5
756,2023-01-02,12:57:55,8,30,2,3.0,6.0
757,2023-01-02,12:58:04,3,53,2,3.0,6.0
758,2023-01-02,12:58:38,8,26,2,3.0,6.0
759,2023-01-02,12:58:57,8,35,1,3.1,3.1
760,2023-01-02,12:59:28,8,47,1,3.0,3.0
761,2023-01-02,12:59:45,3,24,2,3.0,6.0
762,2023-01-02,13:02:03,3,27,2,3.5,7.0
763,2023-01-02,13:03:14,8,40,2,3.75,7.5
764,2023-01-02,13:03:14,8,76,1,3.5,3.5
765,2023-01-02,13:03:33,5,22,2,2.0,4.0
766,2023-01-02,13:03:53,3,28,2,2.0,4.0
767,2023-01-02,13:04:02,8,49,1,3.0,3.0
768,2023-01-02,13:04:56,3,27,2,3.5,7.0
769,2023-01-02,13:05:41,3,61,1,4.75,4.75
770,2023-01-02,13:09:27,5,51,1,3.0,3.0
771,2023-01-02,13:09:27,5,70,1,3.25,3.25
772,2023-01-02,13:10:17,8,33,1,3.5,3.5
773,2023-01-02,13:10:17,8,78,1,4.5,4.5
774,2023-01-02,13:10:41,8,43,2,3.0,6.0
775,2023-01-02,13:14:54,5,31,2,2.2,4.4
776,2023-01-02,13:15:40,5,24,1,3.0,3.0
777,2023-01-02,13:21:09,3,46,2,2.5,5.0
778,2023-01-02,13:21:23,8,50,2,2.5,5.0
779,2023-01-02,13:23:18,3,39,2,4.25,8.5
780,2023-01-02,13:23:38,3,44,1,2.5,2.5
781,2023-01-02,13:24:33,3,31,2,2.2,4.4
782,2023-01-02,13:25:02,8,57,1,3.1,3.1
783,2023-01-02,13:26:47,3,47,1,3.0,3.0
784,2023-01-02,13:28:24,8,44,2,2.5,5.0
785,2023-01-02,13:29:51,3,38,1,3.75,3.75
786,2023-01-02,13:29:59,3,56,1,2.55,2.55
787,2023-01-02,13:30:00,3,27,2,3.5,7.0
788,2023-01-02,13:30:00,3,76,1,3.5,3.5
789,2023-01-02,13:30:05,8,50,1,2.5,2.5
790,2023-01-02,13:30:15,3,30,1,3.0,3.0
791,2023-01-02,13:30:30,3,39,2,4.25,8.5
792,2023-01-02,13:30:30,8,31,1,2.2,2.2
793,2023-01-02,13:34:02,8,23,1,2.5,2.5
794,2023-01-02,13:35:24,5,32,2,3.0,6.0
795,2023-01-02,13:35:24,8,30,2,3.0,6.0
796,2023-01-02,13:39:11,3,23,2,2.5,5.0
797,2023-01-02,13:40:11,3,39,1,4.25,4.25
798,2023-01-02,13:40:36,8,47,2,3.0,6.0
799,2023-01-02,13:40:53,5,48,1,2.5,2.5
800,2023-01-02,13:40:53,5,79,1,3.75,3.75
801,2023-01-02,13:42:07,8,36,1,3.75,3.75
802,2023-01-02,13:47:24,3,28,1,2.0,2.0
803,2023-01-02,13:47:27,8,59,2,4.5,9.0
804,2023-01-02,13:48:27,8,26,2,3.0,6.0
805,2023-01-02,13:48:27,8,73,1,3.75,3.75
806,2023-01-02,13:51:33,3,60,1,3.75,3.75
807,2023-01-02,13:51:33,3,70,1,3.25,3.25
808,2023-01-02,13:52:27,3,54,2,2.5,5.0
809,2023-01-02,13:53:04,8,26,1,3.0,3.0
810,2023-01-02,13:53:04,8,79,1,3.75,3.75
811,2023-01-02,13:55:38,8,23,1,2.5,2.5
812,2023-01-02,13:55:38,8,71,1,3.75,3.75
813,2023-01-02,13:56:19,5,39,1,4.25,4.25
814,2023-01-02,13:57:59,8,38,2,3.75,7.5
815,2023-01-02,13:58:30,3,36,2,3.75,7.5
816,2023-01-02,13:58:36,3,39,1,4.25,4.25
817,2023-01-02,14:01:23,8,46,1,2.5,2.5
818,2023-01-02,14:02:16,8,25,2,2.2,4.4
819,2023-01-02,14:02:44,3,22,2,2.0,4.0
820,2023-01-02,14:03:27,3,59,1,4.5,4.5
821,2023-01-02,14:05:27,5,56,1,2.55,2.55
822,2023-01-02,14:05:27,5,75,1,3.5,3.5
823,2023-01-02,14:07:17,3,37,1,3.0,3.0
824,2023-01-02,14:07:49,5,60,2,3.75,7.5
825,2023-01-02,14:08:49,3,40,1,3.75,3.75
826,2023-01-02,14:11:08,5,28,1,2.0,2.0
827,2023-01-02,14:12:00,8,46,1,2.5,2.5
828,2023-01-02,14:12:07,5,51,2,3.0,6.0
829,2023-01-02,14:12:35,3,54,2,2.5,5.0
830,2023-01-02,14:12:35,3,72,1,3.25,3.25
831,2023-01-02,14:13:26,8,55,1,4.0,4.0
832,2023-01-02,14:13:37,5,25,2,2.2,4.4
833,2023-01-02,14:14:26,3,58,2,3.5,7.0
834,2023-01-02,14:17:08,3,23,1,2.5,2.5
835,2023-01-02,14:17:55,3,61,2,4.75,9.5
836,2023-01-02,14:17:55,3,75,1,3.5,3.5
837,2023-01-02,14:19:24,3,49,1,3.0,3.0
838,2023-01-02,14:21:55,8,41,2,4.25,8.5
839,2023-01-02,14:24:46,3,30,1,3.0,3.0
840,2023-01-02,14:25:35,8,31,1,2.2,2.2
841,2023-01-02,14:26:33,8,36,1,3.75,3.75
842,2023-01-02,14:29:35,3,43,2,3.0,6.0
843,2023-01-02,14:29:35,3,71,1,3.75,3.75
844,2023-01-02,14:33:26,3,22,1,2.0,2.0
845,2023-01-02,14:33:58,5,37,2,3.0,6.0
846,2023-01-02,14:34:53,3,48,1,2.5,2.5
847,2023-01-02,14:36:56,5,87,2,3.0,6.0
848,2023-01-02,14:37:44,8,52,2,2.5,5.0
849,2023-01-02,14:39:18,8,24,1,3.0,3.0
850,2023-01-02,14:40:25,3,40,2,3.75,7.5
851,2023-01-02,14:42:21,3,47,1,3.0,3.0
852,2023-01-02,14:42:21,3,72,1,3.25,3.25
853,2023-01-02,14:44:28,5,52,2,2.5,5.0
854,2023-01-02,14:46:31,8,23,2,2.5,5.0
855,2023-01-02,14:48:02,5,27,2,3.5,7.0
856,2023-01-02,14:48:05,5,41,1,4.25,4.25
857,2023-01-02,14:48:53,8,32,1,3.0,3.0
858,2023-01-02,14:51:11,3,36,1,3.75,3.75
859,2023-01-02,14:52:26,5,46,1,2.5,2.5
860,2023-01-02,14:52:26,5,76,1,3.5,3.5
861,2023-01-02,14:54:33,3,37,2,3.0,6.0
862,2023-01-02,14:54:40,5,87,1,3.0,3.0
863,2023-01-02,14:54:46,5,52,2,2.5,5.0
864,2023-01-02,14:55:38,8,36,2,3.75,7.5
865,2023-01-02,14:58:21,8,87,2,3.0,6.0
866,2023-01-02,14:58:28,8,46,2,2.5,5.0
867,2023-01-02,14:59:08,8,30,1,3.0,3.0
868,2023-01-02,15:03:12,3,26,2,3.0,6.0
869,2023-01-02,15:03:12,3,73,1,3.75,3.75
870,2023-01-02,15:04:21,3,23,2,2.5,5.0
871,2023-01-02,15:05:22,3,27,1,3.5,3.5
872,2023-01-02,15:05:22,3,79,1,3.75,3.75
873,2023-01-02,15:09:48,5,31,2,2.2,4.4
874,2023-01-02,15:10:48,8,44,1,2.5,2.5
875,2023-01-02,15:12:44,3,52,1,2.5,2.5
876,2023-01-02,15:15:03,3,40,1,3.75,3.75
877,2023-01-02,15:15:03,3,77,1,3.0,3.0
878,2023-01-02,15:18:41,5,59,1,4.5,4.5
879,2023-01-02,15:19:46,3,53,1,3.0,3.0
880,2023-01-02,15:21:45,3,47,2,3.0,6.0
881,2023-01-02,15:22:19,8,28,2,2.0,4.0
882,2023-01-02,15:23:29,8,45,2,3.0,6.0
883,2023-01-02,15:24:16,3,60,1,3.75,3.75
884,2023-01-02,15:24:52,5,48,2,2.5,5.0
885,2023-01-02,15:26:08,3,50,1,2.5,2.5
886,2023-01-02,15:26:22,5,42,2,2.5,5.0
887,2023-01-02,15:26:22,5,69,1,3.25,3.25
888,2023-01-02,15:27:43,3,58,1,3.5,3.5
889,2023-01-02,15:27:48,3,41,1,4.25,4.25
890,2023-01-02,15:28:35,5,87,2,3.0,6.0
891,2023-01-02,15:29:31,5,44,2,2.5,5.0
892,2023-01-02,15:30:51,8,40,1,3.75,3.75
893,2023-01-02,15:32:44,8,45,2,3.0,6.0
894,2023-01-02,15:34:44,5,34,2,2.45,4.9
895,2023-01-02,15:35:22,8,53,1,3.0,3.0
896,2023-01-02,15:35:22,8,69,1,3.25,3.25
897,2023-01-02,15:35:30,5,60,2,3.75,7.5
898,2023-01-02,15:35:30,5,70,1,3.25,3.25
899,2023-01-02,15:36:29,8,46,2,2.5,5.0
900,2023-01-02,15:36:47,3,23,2,2.5,5.0
901,2023-01-02,15:37:20,8,33,2,3.5,7.0
902,2023-01-02,15:37:20,8,69,1,3.25,3.25
903,2023-01-02,15:38:44,5,47,2,3.0,6.0
904,2023-01-02,15:41:09,8,52,1,2.5,2.5
905,2023-01-02,15:41:09,8,69,1,3.25,3.25
906,2023-01-02,15:41:55,5,47,2,3.0,6.0
907,2023-01-02,15:41:55,5,74,1,3.5,3.5
908,2023-01-02,15:42:50,8,23,1,2.5,2.5
909,2023-01-02,15:44:59,3,44,2,2.5,5.0
910,2023-01-02,15:48:55,5,46,1,2.5,2.5
911,2023-01-02,15:48:55,5,73,1,3.75,3.75
912,2023-01-02,15:49:27,5,42,1,2.5,2.5
913,2023-01-02,15:49:27,5,78,1,4.5,4.5
914,2023-01-02,15:50:12,3,54,2,2.5,5.0
915,2023-01-02,15:50:12,3,79,1,3.75,3.75
916,2023-01-02,15:50:27,5,47,2,3.0,6.0
917,2023-01-02,15:50:28,8,46,2,2.5,5.0
918,2023-01-02,15:51:29,5,34,1,2.45,2.45
919,2023-01-02,15:51:57,5,38,2,3.75,7.5
920,2023-01-02,15:52:14,5,34,2,2.45,4.9
921,2023-01-02,15:52:58,8,56,1,2.55,2.55
922,2023-01-02,15:54:43,8,28,2,2.0,4.0
923,2023-01-02,15:55:19,5,55,1,4.0,4.0
924,2023-01-02,15:55:19,5,79,1,3.75,3.75
925,2023-01-02,15:55:27,5,56,2,2.55,5.1
926,2023-01-02,15:56:41,8,48,1,2.5,2.5
927,2023-01-02,15:58:07,5,29,2,2.5,5.0
928,2023-01-02,15:59:37,3,58,1,3.5,3.5
929,2023-01-02,15:59:53,3,43,2,3.0,6.0
930,2023-01-02,16:00:33,3,51,2,3.0,6.0
931,2023-01-02,16:00:33,3,78,1,4.5,4.5
932,2023-01-02,16:02:09,5,40,1,3.75,3.75
933,2023-01-02,16:02:21,5,44,1,2.5,2.5
934,2023-01-02,16:05:18,5,52,1,2.5,2.5
935,2023-01-02,16:06:01,5,34,2,2.45,4.9
936,2023-01-02,16:06:18,3,39,1,4.25,4.25
937,2023-01-02,16:08:22,5,54,1,2.5,2.5
938,2023-01-02,16:09:17,3,39,1,4.25,4.25
939,2023-01-02,16:09:45,3,45,2,3.0,6.0
940,2023-01-02,16:11:04,3,40,1,3.75,3.75
941,2023-01-02,16:11:57,8,26,2,3.0,6.0
942,2023-01-02,16:12:01,8,47,2,3.0,6.0
943,2023-01-02,16:14:09,5,30,1,3.0,3.0
944,2023-01-02,16:14:09,5,78,1,4.5,4.5
945,2023-01-02,16:18:15,3,53,2,3.0,6.0
946,2023-01-02,16:19:33,3,38,1,3.75,3.75
947,2023-01-02,16:19:48,5,60,2,3.75,7.5
948,2023-01-02,16:19:48,5,78,1,4.5,4.5
949,2023-01-02,16:22:25,3,48,1,2.5,2.5
950,2023-01-02,16:22:30,3,27,2,3.5,7.0
951,2023-01-02,16:23:50,5,26,1,3.0,3.0
952,2023-01-02,16:26:14,3,55,1,4.0,4.0
953,2023-01-02,16:26:38,3,25,1,2.2,2.2
954,2023-01-02,16:26:38,3,73,1,3.75,3.75
955,2023-01-02,16:26:49,8,54,1,2.5,2.5
956,2023-01-02,16:28:26,8,36,1,3.75,3.75
957,2023-01-02,16:30:05,5,23,1,2.5,2.5
958,2023-01-02,16:30:07,3,24,1,3.0,3.0
959,2023-01-02,16:30:07,3,74,1,3.5,3.5
960,2023-01-02,16:30:37,8,53,2,3.0,6.0
961,2023-01-02,16:31:20,3,36,2,3.75,7.5
962,2023-01-02,16:31:48,8,52,1,2.5,2.5
963,2023-01-02,16:32:14,3,52,2,2.5,5.0
964,2023-01-02,16:32:25,5,50,2,2.5,5.0
965,2023-01-02,16:33:17,5,57,1,3.1,3.1
966,2023-01-02,16:33:17,5,75,1,3.5,3.5
967,2023-01-02,16:34:50,5,50,1,2.5,2.5
968,2023-01-02,16:35:22,3,31,1,2.2,2.2
969,2023-01-02,16:35:22,3,54,2,2.5,5.0
970,2023-01-02,16:35:54,8,49,2,3.0,6.0
971,2023-01-02,16:36:38,3,32,1,3.0,3.0
972,2023-01-02,16:41:26,5,22,2,2.0,4.0
973,2023-01-02,16:42:11,3,51,2,3.0,6.0
974,2023-01-02,16:42:33,5,34,1,2.45,2.45
975,2023-01-02,16:42:33,5,77,1,3.0,3.0
976,2023-01-02,16:43:04,3,34,2,2.45,4.9
977,2023-01-02,16:44:55,5,32,2,3.0,6.0
978,2023-01-02,16:47:01,3,48,1,2.5,2.5
979,2023-01-02,16:49:41,3,49,1,3.0,3.0
980,2023-01-02,16:50:14,8,25,1,2.2,2.2
981,2023-01-02,16:51:09,3,34,2,2.45,4.9
982,2023-01-02,16:51:09,3,72,1,3.25,3.25
983,2023-01-02,16:55:58,3,24,2,3.0,6.0
984,2023-01-02,16:56:14,8,41,1,4.25,4.25
985,2023-01-02,16:59:09,5,23,1,2.5,2.5
986,2023-01-02,17:00:52,8,25,1,2.2,2.2
987,2023-01-02,17:02:06,8,50,1,2.5,2.5
988,2023-01-02,17:02:59,5,29,2,2.5,5.0
989,2023-01-02,17:02:59,5,77,1,3.0,3.0
990,2023-01-02,17:04:56,3,60,1,3.75,3.75
991,2023-01-02,17:10:24,8,55,2,4.0,8.0
992,2023-01-02,17:10:36,8,33,1,3.5,3.5
993,2023-01-02,17:12:45,3,42,2,2.5,5.0
994,2023-01-02,17:13:53,8,43,1,3.0,3.0
995,2023-01-02,17:15:28,5,27,2,3.5,7.0
996,2023-01-02,17:15:35,5,57,2,3.1,6.2
997,2023-01-02,17:17:00,3,53,2,3.0,6.0
998,2023-01-02,17:17:00,3,70,1,3.25,3.25
999,2023-01-02,17:18:25,5,32,2,3.0,6.0
1000,2023-01-02,17:19:03,8,54,1,2.5,2.5
1001,2023-01-02,17:19:40,5,27,1,3.5,3.5
1002,2023-01-02,17:19:40,5,74,1,3.5,3.5
1003,2023-01-02,17:20:14,8,46,1,2.5,2.5
1004,2023-01-02,17:21:01,3,28,1,2.0,2.0
1005,2023-01-02,17:21:19,3,24,2,3.0,6.0
1006,2023-01-02,17:28:06,8,47,1,3.0,3.0
1007,2023-01-02,17:28:13,8,29,1,2.5,2.5
1008,2023-01-02,17:29:21,3,46,2,2.5,5.0
1009,2023-01-02,17:29:41,3,30,1,3.0,3.0
1010,2023-01-02,17:29:42,8,44,1,2.5,2.5
1011,2023-01-02,17:29:42,8,71,1,3.75,3.75
1012,2023-01-02,17:34:05,8,28,2,2.0,4.0
1013,2023-01-02,17:35:03,3,29,2,2.5,5.0
1014,2023-01-02,17:35:40,3,51,2,3.0,6.0
1015,2023-01-02,17:38:25,3,26,1,3.0,3.0
1016,2023-01-02,17:38:48,5,57,1,3.1,3.1
1017,2023-01-02,17:40:19,3,60,1,3.75,3.75
1018,2023-01-02,17:40:19,3,73,1,3.75,3.75
1019,2023-01-02,17:41:03,3,38,2,3.75,7.5
1020,2023-01-02,17:42:18,3,27,1,3.5,3.5
1021,2023-01-02,17:43:03,8,52,1,2.5,2.5
1022,2023-01-02,17:43:20,3,61,1,4.75,4.75
1023,2023-01-02,17:44:03,8,36,2,3.75,7.5
1024,2023-01-02,17:45:16,8,46,1,2.5,2.5
1025,2023-01-02,17:45:27,8,52,1,2.5,2.5
1026,2023-01-02,17:48:34,3,57,2,3.1,6.2
1027,2023-01-02,17:48:39,5,27,2,3.5,7.0
1028,2023-01-02,17:48:48,3,52,2,2.5,5.0
1029,2023-01-02,17:51:00,3,52,2,2.5,5.0
1030,2023-01-02,17:51:00,3,76,1,3.5,3.5
1031,2023-01-02,17:53:21,8,52,2,2.5,5.0
1032,2023-01-02,17:54:37,3,37,2,3.0,6.0
1033,2023-01-02,17:54:59,3,47,2,3.0,6.0
1034,2023-01-02,17:54:59,3,74,1,3.5,3.5
1035,2023-01-02,17:55:15,8,30,1,3.0,3.0
1036,2023-01-02,17:57:42,3,29,2,2.5,5.0
1037,2023-01-02,17:57:42,3,73,1,3.75,3.75
1038,2023-01-02,17:57:59,3,60,2,3.75,7.5
1039,2023-01-02,17:57:59,3,75,1,3.5,3.5
1040,2023-01-02,18:05:46,8,32,1,3.0,3.0
1041,2023-01-02,18:05:46,8,72,1,3.25,3.25
1042,2023-01-02,18:06:18,5,61,1,4.75,4.75
1043,2023-01-02,18:11:56,5,55,1,4.0,4.0
1044,2023-01-02,18:17:00,5,33,2,3.5,7.0
1045,2023-01-02,18:17:00,5,73,1,3.75,3.75
1046,2023-01-02,18:17:58,5,39,2,4.25,8.5
1047,2023-01-02,18:18:05,3,45,2,3.0,6.0
1048,2023-01-02,18:18:34,8,55,1,4.0,4.0
1049,2023-01-02,18:19:05,3,51,1,3.0,3.0
1050,2023-01-02,18:22:30,5,31,1,2.2,2.2
1051,2023-01-02,18:23:01,8,50,2,2.5,5.0
1052,2023-01-02,18:23:32,8,33,2,3.5,7.0
1053,2023-01-02,18:24:11,3,35,2,3.1,6.2
1054,2023-01-02,18:24:23,8,34,2,2.45,4.9
1055,2023-01-02,18:26:40,8,32,1,3.0,3.0
1056,2023-01-02,18:27:04,3,56,1,2.55,2.55
1057,2023-01-02,18:28:05,3,26,2,3.0,6.0
1058,2023-01-02,18:29:53,5,34,1,2.45,2.45
1059,2023-01-02,18:30:06,3,36,2,3.75,7.5
1060,2023-01-02,18:30:06,3,75,1,3.5,3.5
1061,2023-01-02,18:31:49,8,33,2,3.5,7.0
1062,2023-01-02,18:31:49,8,70,1,3.25,3.25
1063,2023-01-02,18:31:50,3,39,2,4.25,8.5
1064,2023-01-02,18:32:38,3,49,2,3.0,6.0
1065,2023-01-02,18:33:43,3,44,1,2.5,2.5
1066,2023-01-02,18:33:43,3,77,1,3.0,3.0
1067,2023-01-02,18:33:59,3,46,1,2.5,2.5
1068,2023-01-02,18:37:31,3,30,1,3.0,3.0
1069,2023-01-02,18:39:18,3,60,1,3.75,3.75
1070,2023-01-02,18:40:50,8,61,2,4.75,9.5
1071,2023-01-02,18:42:49,3,37,1,3.0,3.0
1072,2023-01-02,18:43:00,3,36,1,3.75,3.75
1073,2023-01-02,18:44:51,3,55,2,4.0,8.0
1074,2023-01-02,18:49:22,3,58,2,3.5,7.0
1075,2023-01-02,18:49:22,3,77,1,3.0,3.0
1076,2023-01-02,18:50:17,3,46,1,2.5,2.5
1077,2023-01-02,18:50:17,3,76,1,3.5,3.5
1078,2023-01-02,18:53:56,3,52,2,2.5,5.0
1079,2023-01-02,18:53:56,3,78,1,4.5,4.5
1080,2023-01-02,18:54:10,3,23,2,2.5,5.0
1081,2023-01-02,18:57:01,8,51,1,3.0,3.0
1082,2023-01-02,19:00:58,3,22,1,2.0,2.0
1083,2023-01-02,19:01:16,3,48,1,2.5,2.5
1084,2023-01-02,19:01:39,3,59,2,4.5,9.0
1085,2023-01-02,19:12:27,3,40,1,3.75,3.75
1086,2023-01-02,19:14:55,8,39,2,4.25,8.5
1087,2023-01-02,19:14:55,8,70,1,3.25,3.25
1088,2023-01-02,19:16:12,3,50,2,2.5,5.0
1089,2023-01-02,19:16:12,3,71,1,3.75,3.75
1090,2023-01-02,19:18:07,8,57,1,3.1,3.1
1091,2023-01-02,19:19:55,8,37,2,3.0,6.0
1092,2023-01-02,19:22:54,3,24,1,3.0,3.0
1093,2023-01-02,19:25:06,3,22,2,2.0,4.0
1094,2023-01-02,19:25:06,3,72,1,3.25,3.25
1095,2023-01-02,19:26:53,8,23,2,2.5,5.0
1096,2023-01-02,19:27:07,8,22,1,2.0,2.0
1097,2023-01-02,19:27:07,8,69,1,3.25,3.25
1098,2023-01-02,19:28:16,3,25,2,2.2,4.4
1099,2023-01-02,19:29:54,8,34,1,2.45,2.45
1100,2023-01-02,19:35:14,8,40,1,3.75,3.75
1101,2023-01-02,19:35:31,8,49,2,3.0,6.0
1102,2023-01-02,19:42:15,8,41,2,4.25,8.5
1103,2023-01-02,19:45:11,3,49,2,3.0,6.0
1104,2023-01-02,19:46:07,8,57,2,3.1,6.2
1105,2023-01-02,19:46:07,8,74,1,3.5,3.5
1106,2023-01-02,19:46:38,3,33,2,3.5,7.0
1107,2023-01-02,19:48:49,8,28,2,2.0,4.0
1108,2023-01-02,19:48:49,8,75,1,3.5,3.5
1109,2023-01-02,19:53:02,3,22,1,2.0,2.0
1110,2023-01-02,19:53:02,3,74,1,3.5,3.5
1111,2023-01-02,19:53:55,3,43,2,3.0,6.0
1112,2023-01-02,19:57:01,8,56,2,2.55,5.1
1113,2023-01-02,19:57:23,3,52,1,2.5,2.5
1114,2023-01-02,19:57:23,3,72,1,3.25,3.25
1115,2023-01-02,19:58:10,8,26,2,3.0,6.0
1116,2023-01-02,19:58:35,3,37,1,3.0,3.0
1117,2023-01-03,07:04:46,5,43,2,3.0,6.0
1118,2023-01-03,07:04:46,5,78,1,4.5,4.5
1119,2023-01-03,07:06:53,5,29,2,2.5,5.0
1120,2023-01-03,07:16:26,5,59,2,4.5,9.0
1121,2023-01-03,07:16:26,5,73,1,3.75,3.75
1122,2023-01-03,07:17:23,5,45,1,3.0,3.0
1123,2023-01-03,07:37:05,5,56,2,2.55,5.1
1124,2023-01-03,08:06:33,8,41,1,4.25,4.25
1125,2023-01-03,08:09:50,5,60,2,3.75,7.5
1126,2023-01-03,08:13:04,8,44,1,2.5,2.5
1127,2023-01-03,08:13:05,8,37,1,3.0,3.0
1128,2023-01-03,08:13:05,8,76,1,3.5,3.5
1129,2023-01-03,08:15:37,8,41,1,4.25,4.25
1130,2023-01-03,08:18:30,8,45,2,3.0,6.0
1131,2023-01-03,08:18:53,8,23,2,2.5,5.0
1132,2023-01-03,08:18:56,8,29,2,2.5,5.0
1133,2023-01-03,08:19:33,8,52,2,2.5,5.0
1134,2023-01-03,08:19:47,5,51,1,3.0,3.0
1135,2023-01-03,08:20:55,5,32,1,3.0,3.0
1136,2023-01-03,08:22:14,5,27,1,3.5,3.5
1137,2023-01-03,08:23:51,8,48,2,2.5,5.0
1138,2023-01-03,08:28:33,5,30,2,3.0,6.0
1139,2023-01-03,08:28:53,8,60,2,3.75,7.5
1140,2023-01-03,08:30:14,5,40,2,3.75,7.5
1141,2023-01-03,08:31:06,8,22,2,2.0,4.0
1142,2023-01-03,08:31:07,5,41,1,4.25,4.25
1143,2023-01-03,08:31:07,5,78,1,4.5,4.5
1144,2023-01-03,08:32:12,8,59,2,4.5,9.0
1145,2023-01-03,08:32:12,8,78,1,4.5,4.5
1146,2023-01-03,08:34:35,8,87,1,3.0,3.0
1147,2023-01-03,08:37:26,8,60,1,3.75,3.75
1148,2023-01-03,08:37:51,5,33,2,3.5,7.0
1149,2023-01-03,08:40:29,8,56,1,2.55,2.55
1150,2023-01-03,08:40:29,8,69,1,3.25,3.25
1151,2023-01-03,08:40:29,8,35,1,3.1,3.1
1152,2023-01-03,08:40:50,8,30,1,3.0,3.0
1153,2023-01-03,08:40:50,8,72,1,3.25,3.25
1154,2023-01-03,08:42:28,8,61,1,4.75,4.75
1155,2023-01-03,08:44:23,8,22,2,2.0,4.0
1156,2023-01-03,08:49:32,5,61,2,4.75,9.5
1157,2023-01-03,08:49:35,5,51,2,3.0,6.0
1158,2023-01-03,08:49:35,5,72,1,3.25,3.25
1159,2023-01-03,08:50:00,8,24,1,3.0,3.0
1160,2023-01-03,08:50:21,8,44,2,2.5,5.0
1161,2023-01-03,08:53:31,5,54,2,2.5,5.0
1162,2023-01-03,08:54:44,8,53,1,3.0,3.0
1163,2023-01-03,08:56:41,5,59,2,4.5,9.0
1164,2023-01-03,09:03:49,5,50,2,2.5,5.0
1165,2023-01-03,09:07:30,5,87,2,3.0,6.0
1166,2023-01-03,09:07:30,5,70,1,3.25,3.25
1167,2023-01-03,09:07:36,8,52,1,2.5,2.5
1168,2023-01-03,09:07:36,8,73,1,3.75,3.75
1169,2023-01-03,09:09:30,8,26,2,3.0,6.0
1170,2023-01-03,09:09:39,5,37,1,3.0,3.0
1171,2023-01-03,09:15:44,5,45,1,3.0,3.0
1172,2023-01-03,09:18:30,8,22,1,2.0,2.0
1173,2023-01-03,09:18:59,5,22,2,2.0,4.0
1174,2023-01-03,09:19:21,8,45,1,3.0,3.0
1175,2023-01-03,09:23:33,5,25,1,2.2,2.2
1176,2023-01-03,09:24:46,5,54,1,2.5,2.5
1177,2023-01-03,09:27:13,8,50,2,2.5,5.0
1178,2023-01-03,09:30:08,5,29,1,2.5,2.5
1179,2023-01-03,09:33:20,8,42,1,2.5,2.5
1180,2023-01-03,09:43:23,5,45,1,3.0,3.0
1181,2023-01-03,09:44:41,8,55,1,4.0,4.0
1182,2023-01-03,09:44:59,8,54,1,2.5,2.5
1183,2023-01-03,09:45:43,5,50,2,2.5,5.0
1184,2023-01-03,09:49:52,5,59,2,4.5,9.0
1185,2023-01-03,09:50:02,5,43,2,3.0,6.0
1186,2023-01-03,09:50:30,8,50,2,2.5,5.0
1187,2023-01-03,09:50:48,8,55,2,4.0,8.0
1188,2023-01-03,09:52:19,8,51,2,3.0,6.0
1189,2023-01-03,09:53:13,8,37,2,3.0,6.0
1190,2023-01-03,09:56:34,5,49,2,3.0,6.0
1191,2023-01-03,10:00:05,8,40,1,3.75,3.75
1192,2023-01-03,10:01:51,5,87,1,3.0,3.0
1193,2023-01-03,10:11:25,8,33,1,3.5,3.5
1194,2023-01-03,10:12:21,5,40,1,3.75,3.75
1195,2023-01-03,10:17:13,5,37,1,3.0,3.0
1196,2023-01-03,10:19:53,5,34,1,2.45,2.45
1197,2023-01-03,10:20:42,5,38,1,3.75,3.75
1198,2023-01-03,10:22:26,5,49,2,3.0,6.0
1199,2023-01-03,10:25:55,5,26,2,3.0,6.0
1200,2023-01-03,10:26:39,8,55,1,4.0,4.0
1201,2023-01-03,10:28:45,8,56,1,2.55,2.55
1202,2023-01-03,10:30:42,5,50,2,2.5,5.0
1203,2023-01-03,10:33:49,5,29,1,2.5,2.5
1204,2023-01-03,10:40:11,5,36,2,3.75,7.5
1205,2023-01-03,10:41:29,5,33,1,3.5,3.5
1206,2023-01-03,10:41:29,5,72,1,3.25,3.25
1207,2023-01-03,10:43:23,5,47,1,3.0,3.0
1208,2023-01-03,10:47:34,8,46,2,2.5,5.0
1209,2023-01-03,10:49:47,8,37,1,3.0,3.0
1210,2023-01-03,10:52:38,8,25,1,2.2,2.2
1211,2023-01-03,10:54:16,5,39,2,4.25,8.5
1212,2023-01-03,10:54:52,5,29,2,2.5,5.0
1213,2023-01-03,10:56:53,5,43,2,3.0,6.0
1214,2023-01-03,10:56:53,5,73,1,3.75,3.75
1215,2023-01-03,10:58:20,8,45,1,3.0,3.0
1216,2023-01-03,10:59:41,8,32,2,3.0,6.0
1217,2023-01-03,11:02:48,5,54,1,2.5,2.5
1218,2023-01-03,11:05:55,3,28,2,2.0,4.0
1219,2023-01-03,11:06:30,3,28,2,2.0,4.0
1220,2023-01-03,11:08:16,3,36,2,3.75,7.5
1221,2023-01-03,11:08:51,8,30,2,3.0,6.0
1222,2023-01-03,11:10:02,3,24,2,3.0,6.0
1223,2023-01-03,11:11:10,5,26,2,3.0,6.0
1224,2023-01-03,11:11:22,5,52,1,2.5,2.5
1225,2023-01-03,11:16:22,3,24,2,3.0,6.0
1226,2023-01-03,11:16:40,3,26,2,3.0,6.0
1227,2023-01-03,11:17:01,8,38,2,3.75,7.5
1228,2023-01-03,11:18:12,3,27,2,3.5,7.0
1229,2023-01-03,11:20:10,8,49,2,3.0,6.0
1230,2023-01-03,11:21:22,8,42,1,2.5,2.5
1231,2023-01-03,11:23:05,5,26,2,3.0,6.0
1232,2023-01-03,11:23:05,5,73,1,3.75,3.75
1233,2023-01-03,11:23:56,8,54,1,2.5,2.5
1234,2023-01-03,11:23:56,8,72,1,3.25,3.25
1235,2023-01-03,11:26:09,8,61,2,4.75,9.5
1236,2023-01-03,11:26:40,3,60,2,3.75,7.5
1237,2023-01-03,11:26:40,3,78,1,4.5,4.5
1238,2023-01-03,11:26:49,3,47,2,3.0,6.0
1239,2023-01-03,11:27:36,8,46,1,2.5,2.5
1240,2023-01-03,11:30:16,8,37,2,3.0,6.0
1241,2023-01-03,11:31:00,5,39,2,4.25,8.5
1242,2023-01-03,11:31:00,5,70,1,3.25,3.25
1243,2023-01-03,11:31:11,8,50,1,2.5,2.5
1244,2023-01-03,11:32:49,8,47,1,3.0,3.0
1245,2023-01-03,11:33:06,5,31,2,2.2,4.4
1246,2023-01-03,11:33:08,8,24,1,3.0,3.0
1247,2023-01-03,11:33:44,5,26,2,3.0,6.0
1248,2023-01-03,11:33:44,5,75,1,3.5,3.5
1249,2023-01-03,11:36:44,3,41,1,4.25,4.25
1250,2023-01-03,11:36:49,8,33,2,3.5,7.0
1251,2023-01-03,11:37:40,3,46,2,2.5,5.0
1252,2023-01-03,11:37:50,3,32,2,3.0,6.0
1253,2023-01-03,11:37:55,3,32,1,3.0,3.0
1254,2023-01-03,11:40:15,3,30,2,3.0,6.0
1255,2023-01-03,11:40:31,8,43,1,3.0,3.0
1256,2023-01-03,11:42:01,5,28,2,2.0,4.0
1257,2023-01-03,11:42:48,3,40,2,3.75,7.5
1258,2023-01-03,11:42:48,3,77,1,3.0,3.0
1259,2023-01-03,11:42:51,5,50,1,2.5,2.5
1260,2023-01-03,11:43:18,5,22,2,2.0,4.0
1261,2023-01-03,11:46:27,8,35,1,3.1,3.1
1262,2023-01-03,11:46:27,8,69,1,3.25,3.25
1263,2023-01-03,11:46:29,3,35,2,3.1,6.2
1264,2023-01-03,11:46:29,3,77,1,3.0,3.0
1265,2023-01-03,11:47:50,5,48,1,2.5,2.5
1266,2023-01-03,11:50:55,8,29,1,2.5,2.5
1267,2023-01-03,11:51:18,8,43,1,3.0,3.0
1268,2023-01-03,11:52:48,8,59,1,4.5,4.5
1269,2023-01-03,11:56:15,5,35,1,3.1,3.1
1270,2023-01-03,11:56:15,5,71,1,3.75,3.75
1271,2023-01-03,11:57:06,3,24,1,3.0,3.0
1272,2023-01-03,11:57:55,5,33,1,3.5,3.5
1273,2023-01-03,11:58:06,5,36,1,3.75,3.75
1274,2023-01-03,11:58:07,8,37,2,3.0,6.0
1275,2023-01-03,11:59:06,3,39,1,4.25,4.25
1276,2023-01-03,11:59:16,5,50,2,2.5,5.0
1277,2023-01-03,11:59:49,5,37,2,3.0,6.0
1278,2023-01-03,12:00:52,3,50,1,2.5,2.5
1279,2023-01-03,12:04:32,5,38,2,3.75,7.5
1280,2023-01-03,12:05:39,5,25,1,2.2,2.2
1281,2023-01-03,12:06:47,8,38,1,3.75,3.75
1282,2023-01-03,12:08:20,3,55,2,4.0,8.0
1283,2023-01-03,12:14:46,8,56,1,2.55,2.55
1284,2023-01-03,12:16:03,5,25,2,2.2,4.4
1285,2023-01-03,12:16:30,3,46,1,2.5,2.5
1286,2023-01-03,12:17:20,3,27,1,3.5,3.5
1287,2023-01-03,12:20:44,5,47,2,3.0,6.0
1288,2023-01-03,12:20:50,8,23,2,2.5,5.0
1289,2023-01-03,12:23:36,8,35,1,3.1,3.1
1290,2023-01-03,12:26:03,3,51,1,3.0,3.0
1291,2023-01-03,12:27:58,3,59,2,4.5,9.0
1292,2023-01-03,12:30:20,5,51,1,3.0,3.0
1293,2023-01-03,12:31:47,3,59,2,4.5,9.0
1294,2023-01-03,12:35:27,8,61,2,4.75,9.5
1295,2023-01-03,12:36:05,3,24,1,3.0,3.0
1296,2023-01-03,12:37:48,3,24,1,3.0,3.0
1297,2023-01-03,12:38:56,8,60,1,3.75,3.75
1298,2023-01-03,12:40:55,8,45,1,3.0,3.0
1299,2023-01-03,12:44:41,5,46,1,2.5,2.5
1300,2023-01-03,12:45:07,3,51,1,3.0,3.0
1301,2023-01-03,12:45:07,3,72,1,3.25,3.25
1302,2023-01-03,12:46:52,3,27,2,3.5,7.0
1303,2023-01-03,12:47:41,8,50,2,2.5,5.0
1304,2023-01-03,12:48:20,8,53,2,3.0,6.0
1305,2023-01-03,12:48:38,5,33,1,3.5,3.5
1306,2023-01-03,12:48:38,5,76,1,3.5,3.5
1307,2023-01-03,12:50:34,3,58,2,3.5,7.0
1308,2023-01-03,12:50:49,8,58,2,3.5,7.0
1309,2023-01-03,12:51:17,8,49,2,3.0,6.0
1310,2023-01-03,12:52:36,8,48,2,2.5,5.0
1311,2023-01-03,12:52:36,8,74,1,3.5,3.5
1312,2023-01-03,12:52:37,3,39,2,4.25,8.5
1313,2023-01-03,12:55:25,3,30,2,3.0,6.0
1314,2023-01-03,12:55:49,5,45,1,3.0,3.0
1315,2023-01-03,12:56:02,8,50,2,2.5,5.0
1316,2023-01-03,12:57:48,3,39,1,4.25,4.25
1317,2023-01-03,12:58:20,5,35,2,3.1,6.2
1318,2023-01-03,13:03:37,3,30,2,3.0,6.0
1319,2023-01-03,13:04:25,5,42,1,2.5,2.5
1320,2023-01-03,13:04:48,5,35,2,3.1,6.2
1321,2023-01-03,13:04:48,5,74,1,3.5,3.5
1322,2023-01-03,13:05:00,8,22,1,2.0,2.0
1323,2023-01-03,13:05:16,3,59,1,4.5,4.5
1324,2023-01-03,13:05:16,3,76,1,3.5,3.5
1325,2023-01-03,13:06:00,3,22,2,2.0,4.0
1326,2023-01-03,13:07:30,3,54,1,2.5,2.5
1327,2023-01-03,13:09:01,5,56,2,2.55,5.1
1328,2023-01-03,13:09:01,5,74,1,3.5,3.5
1329,2023-01-03,13:12:16,3,23,2,2.5,5.0
1330,2023-01-03,13:12:49,5,42,2,2.5,5.0
1331,2023-01-03,13:12:49,5,78,1,4.5,4.5
1332,2023-01-03,13:13:33,3,37,2,3.0,6.0
1333,2023-01-03,13:16:53,3,49,2,3.0,6.0
1334,2023-01-03,13:17:20,8,61,1,4.75,4.75
1335,2023-01-03,13:18:51,3,51,2,3.0,6.0
1336,2023-01-03,13:18:51,3,75,1,3.5,3.5
1337,2023-01-03,13:20:01,3,23,2,2.5,5.0
1338,2023-01-03,13:20:13,3,34,1,2.45,2.45
1339,2023-01-03,13:24:10,3,55,1,4.0,4.0
1340,2023-01-03,13:26:51,8,44,1,2.5,2.5
1341,2023-01-03,13:26:51,8,70,1,3.25,3.25
1342,2023-01-03,13:28:12,3,38,1,3.75,3.75
1343,2023-01-03,13:31:04,5,43,1,3.0,3.0
1344,2023-01-03,13:31:04,5,74,1,3.5,3.5
1345,2023-01-03,13:34:08,8,37,1,3.0,3.0
1346,2023-01-03,13:38:29,3,50,2,2.5,5.0
1347,2023-01-03,13:39:52,8,29,1,2.5,2.5
1348,2023-01-03,13:41:00,3,55,1,4.0,4.0
1349,2023-01-03,13:44:19,8,54,1,2.5,2.5
1350,2023-01-03,13:45:54,3,43,2,3.0,6.0
1351,2023-01-03,13:48:42,3,26,2,3.0,6.0
1352,2023-01-03,13:48:44,8,42,2,2.5,5.0
1353,2023-01-03,13:48:44,8,73,1,3.75,3.75
1354,2023-01-03,13:52:13,3,54,1,2.5,2.5
1355,2023-01-03,13:52:13,3,75,1,3.5,3.5
1356,2023-01-03,13:57:02,3,27,2,3.5,7.0
1357,2023-01-03,13:57:16,3,48,2,2.5,5.0
1358,2023-01-03,13:57:24,3,57,2,3.1,6.2
1359,2023-01-03,13:57:28,8,57,1,3.1,3.1
1360,2023-01-03,13:58:14,3,45,1,3.0,3.0
1361,2023-01-03,13:59:44,8,30,1,3.0,3.0
1362,2023-01-03,14:00:27,3,55,1,4.0,4.0
1363,2023-01-03,14:03:06,3,26,2,3.0,6.0
1364,2023-01-03,14:03:48,3,49,2,3.0,6.0
1365,2023-01-03,14:03:54,3,56,1,2.55,2.55
1366,2023-01-03,14:04:38,5,38,2,3.75,7.5
1367,2023-01-03,14:04:48,3,59,2,4.5,9.0
1368,2023-01-03,14:06:01,3,49,2,3.0,6.0
1369,2023-01-03,14:07:15,3,37,1,3.0,3.0
1370,2023-01-03,14:08:26,8,39,1,4.25,4.25
1371,2023-01-03,14:09:18,8,42,1,2.5,2.5
1372,2023-01-03,14:09:52,8,56,1,2.55,2.55
1373,2023-01-03,14:10:19,8,39,1,4.25,4.25
1374,2023-01-03,14:13:15,3,24,2,3.0,6.0
1375,2023-01-03,14:13:47,5,54,2,2.5,5.0
1376,2023-01-03,14:13:47,5,72,1,3.25,3.25
1377,2023-01-03,14:14:01,5,48,2,2.5,5.0
1378,2023-01-03,14:15:05,3,57,2,3.1,6.2
1379,2023-01-03,14:15:50,8,54,2,2.5,5.0
1380,2023-01-03,14:17:42,5,41,1,4.25,4.25
1381,2023-01-03,14:18:47,5,35,2,3.1,6.2
1382,2023-01-03,14:18:47,5,71,1,3.75,3.75
1383,2023-01-03,14:18:58,3,57,2,3.1,6.2
1384,2023-01-03,14:19:44,5,59,2,4.5,9.0
1385,2023-01-03,14:21:57,3,38,2,3.75,7.5
1386,2023-01-03,14:22:00,5,36,2,3.75,7.5
1387,2023-01-03,14:22:00,5,79,1,3.75,3.75
1388,2023-01-03,14:22:48,5,26,2,3.0,6.0
1389,2023-01-03,14:23:43,3,32,2,3.0,6.0
1390,2023-01-03,14:23:54,8,42,2,2.5,5.0
1391,2023-01-03,14:24:01,8,23,2,2.5,5.0
1392,2023-01-03,14:24:01,8,74,1,3.5,3.5
1393,2023-01-03,14:24:14,8,35,1,3.1,3.1
1394,2023-01-03,14:28:01,8,52,2,2.5,5.0
1395,2023-01-03,14:30:24,3,27,2,3.5,7.0
1396,2023-01-03,14:30:38,8,37,1,3.0,3.0
1397,2023-01-03,14:31:14,3,37,2,3.0,6.0
1398,2023-01-03,14:33:36,8,45,2,3.0,6.0
1399,2023-01-03,14:34:28,8,25,1,2.2,2.2
1400,2023-01-03,14:35:13,5,31,2,2.2,4.4
1401,2023-01-03,14:37:12,3,41,1,4.25,4.25
1402,2023-01-03,14:38:17,3,40,1,3.75,3.75
1403,2023-01-03,14:38:17,3,74,1,3.5,3.5
1404,2023-01-03,14:41:47,3,36,2,3.75,7.5
1405,2023-01-03,14:42:59,5,51,1,3.0,3.0
1406,2023-01-03,14:43:48,8,59,2,4.5,9.0
1407,2023-01-03,14:44:43,3,27,1,3.5,3.5
1408,2023-01-03,14:44:43,3,70,1,3.25,3.25
1409,2023-01-03,14:45:14,3,37,1,3.0,3.0
1410,2023-01-03,14:47:09,3,26,2,3.0,6.0
1411,2023-01-03,14:47:10,3,55,1,4.0,4.0
1412,2023-01-03,14:47:10,3,76,1,3.5,3.5
1413,2023-01-03,14:47:45,8,24,2,3.0,6.0
1414,2023-01-03,14:47:45,8,78,1,4.5,4.5
1415,2023-01-03,14:48:23,5,56,2,2.55,5.1
1416,2023-01-03,14:48:30,8,27,1,3.5,3.5
1417,2023-01-03,14:49:31,8,60,1,3.75,3.75
1418,2023-01-03,14:49:39,8,87,2,3.0,6.0
1419,2023-01-03,14:51:06,5,47,2,3.0,6.0
1420,2023-01-03,14:53:17,8,35,2,3.1,6.2
1421,2023-01-03,14:53:17,8,72,1,3.25,3.25
1422,2023-01-03,14:53:51,3,44,2,2.5,5.0
1423,2023-01-03,14:53:52,3,42,1,2.5,2.5
1424,2023-01-03,14:54:41,8,44,1,2.5,2.5
1425,2023-01-03,14:54:59,3,34,1,2.45,2.45
1426,2023-01-03,14:55:03,5,51,1,3.0,3.0
1427,2023-01-03,14:56:33,3,54,1,2.5,2.5
1428,2023-01-03,14:57:23,8,52,1,2.5,2.5
1429,2023-01-03,14:57:49,5,57,2,3.1,6.2
1430,2023-01-03,15:00:04,5,36,2,3.75,7.5
1431,2023-01-03,15:01:43,8,41,1,4.25,4.25
1432,2023-01-03,15:01:43,8,76,1,3.5,3.5
1433,2023-01-03,15:02:09,3,48,1,2.5,2.5
1434,2023-01-03,15:02:09,3,70,1,3.25,3.25
1435,2023-01-03,15:02:34,3,24,1,3.0,3.0
1436,2023-01-03,15:03:23,3,53,1,3.0,3.0
1437,2023-01-03,15:04:07,5,43,2,3.0,6.0
1438,2023-01-03,15:05:33,8,87,2,3.0,6.0
1439,2023-01-03,15:06:00,3,25,1,2.2,2.2
1440,2023-01-03,15:06:37,5,49,1,3.0,3.0
1441,2023-01-03,15:06:37,5,75,1,3.5,3.5
1442,2023-01-03,15:07:41,3,47,1,3.0,3.0
1443,2023-01-03,15:08:18,3,46,1,2.5,2.5
1444,2023-01-03,15:08:18,3,69,1,3.25,3.25
1445,2023-01-03,15:10:02,5,32,2,3.0,6.0
1446,2023-01-03,15:10:51,8,30,2,3.0,6.0
1447,2023-01-03,15:11:28,8,48,2,2.5,5.0
1448,2023-01-03,15:11:28,8,77,1,3.0,3.0
1449,2023-01-03,15:13:22,3,48,2,2.5,5.0
1450,2023-01-03,15:13:46,5,37,2,3.0,6.0
1451,2023-01-03,15:15:01,8,45,2,3.0,6.0
1452,2023-01-03,15:15:39,3,57,1,3.1,3.1
1453,2023-01-03,15:15:48,5,34,2,2.45,4.9
1454,2023-01-03,15:17:03,5,58,1,3.5,3.5
1455,2023-01-03,15:17:03,5,78,1,4.5,4.5
1456,2023-01-03,15:18:13,8,32,2,3.0,6.0
1457,2023-01-03,15:19:17,5,47,1,3.0,3.0
1458,2023-01-03,15:19:17,5,79,1,3.75,3.75
1459,2023-01-03,15:19:59,8,48,1,2.5,2.5
1460,2023-01-03,15:23:04,3,54,2,2.5,5.0
1461,2023-01-03,15:24:23,3,29,1,2.5,2.5
1462,2023-01-03,15:24:48,3,41,2,4.25,8.5
1463,2023-01-03,15:26:58,3,29,2,2.5,5.0
1464,2023-01-03,15:27:29,8,38,2,3.75,7.5
1465,2023-01-03,15:28:42,5,31,2,2.2,4.4
1466,2023-01-03,15:29:25,3,27,2,3.5,7.0
1467,2023-01-03,15:30:42,5,22,2,2.0,4.0
1468,2023-01-03,15:32:00,3,25,2,2.2,4.4
1469,2023-01-03,15:32:00,3,79,1,3.75,3.75
1470,2023-01-03,15:33:20,3,22,2,2.0,4.0
1471,2023-01-03,15:33:20,8,54,1,2.5,2.5
1472,2023-01-03,15:33:20,8,74,1,3.5,3.5
1473,2023-01-03,15:33:40,5,38,2,3.75,7.5
1474,2023-01-03,15:35:23,8,31,1,2.2,2.2
1475,2023-01-03,15:35:49,3,43,2,3.0,6.0
1476,2023-01-03,15:36:04,3,53,1,3.0,3.0
1477,2023-01-03,15:36:32,8,44,1,2.5,2.5
1478,2023-01-03,15:37:29,3,60,1,3.75,3.75
1479,2023-01-03,15:37:29,3,69,1,3.25,3.25
1480,2023-01-03,15:39:00,8,23,1,2.5,2.5
1481,2023-01-03,15:41:00,8,43,2,3.0,6.0
1482,2023-01-03,15:43:32,3,55,1,4.0,4.0
1483,2023-01-03,15:43:40,3,54,2,2.5,5.0
1484,2023-01-03,15:45:20,8,58,1,3.5,3.5
1485,2023-01-03,15:45:57,5,29,2,2.5,5.0
1486,2023-01-03,15:46:51,8,87,1,3.0,3.0
1487,2023-01-03,15:46:51,8,77,1,3.0,3.0
1488,2023-01-03,15:47:58,8,61,2,4.75,9.5
1489,2023-01-03,15:47:58,8,76,1,3.5,3.5
1490,2023-01-03,15:48:24,5,54,2,2.5,5.0
1491,2023-01-03,15:48:25,8,59,1,4.5,4.5
1492,2023-01-03,15:48:46,5,55,2,4.0,8.0
1493,2023-01-03,15:49:11,5,59,1,4.5,4.5
1494,2023-01-03,15:51:55,8,27,1,3.5,3.5
1495,2023-01-03,15:52:01,3,43,1,3.0,3.0
1496,2023-01-03,15:53:19,3,56,1,2.55,2.55
1497,2023-01-03,15:55:15,8,34,1,2.45,2.45
1498,2023-01-03,15:55:31,5,30,1,3.0,3.0
1499,2023-01-03,15:55:36,5,58,1,3.5,3.5
1500,2023-01-03,15:55:59,8,46,2,2.5,5.0
1501,2023-01-03,15:57:20,5,87,2,3.0,6.0
1502,2023-01-03,15:58:24,3,59,2,4.5,9.0
1503,2023-01-03,15:58:31,3,40,2,3.75,7.5
1504,2023-01-03,16:00:06,8,24,2,3.0,6.0
1505,2023-01-03,16:00:44,5,26,1,3.0,3.0
1506,2023-01-03,16:03:08,3,25,1,2.2,2.2
1507,2023-01-03,16:04:22,3,27,2,3.5,7.0
1508,2023-01-03,16:07:48,5,38,2,3.75,7.5
1509,2023-01-03,16:08:18,8,47,1,3.0,3.0
1510,2023-01-03,16:13:17,3,47,1,3.0,3.0
1511,2023-01-03,16:13:17,3,76,1,3.5,3.5
1512,2023-01-03,16:14:44,5,45,1,3.0,3.0
1513,2023-01-03,16:15:10,3,58,1,3.5,3.5
1514,2023-01-03,16:16:00,8,60,1,3.75,3.75
1515,2023-01-03,16:16:00,8,76,1,3.5,3.5
1516,2023-01-03,16:16:52,3,43,1,3.0,3.0
1517,2023-01-03,16:21:27,8,46,1,2.5,2.5
1518,2023-01-03,16:22:03,3,37,1,3.0,3.0
1519,2023-01-03,16:22:58,8,46,2,2.5,5.0
1520,2023-01-03,16:23:10,5,39,1,4.25,4.25
1521,2023-01-03,16:23:10,5,77,1,3.0,3.0
1522,2023-01-03,16:23:27,8,25,2,2.2,4.4
1523,2023-01-03,16:24:45,8,53,2,3.0,6.0
1524,2023-01-03,16:24:45,8,75,1,3.5,3.5
1525,2023-01-03,16:25:31,8,53,1,3.0,3.0
1526,2023-01-03,16:25:47,3,49,2,3.0,6.0
1527,2023-01-03,16:29:14,8,46,2,2.5,5.0
1528,2023-01-03,16:29:19,5,27,2,3.5,7.0
1529,2023-01-03,16:29:19,5,72,1,3.25,3.25
1530,2023-01-03,16:29:24,3,54,1,2.5,2.5
1531,2023-01-03,16:29:35,3,36,2,3.75,7.5
1532,2023-01-03,16:30:03,8,50,1,2.5,2.5
1533,2023-01-03,16:31:06,8,32,1,3.0,3.0
1534,2023-01-03,16:31:06,8,71,1,3.75,3.75
1535,2023-01-03,16:31:41,3,54,1,2.5,2.5
1536,2023-01-03,16:32:29,3,51,2,3.0,6.0
1537,2023-01-03,16:33:26,5,30,1,3.0,3.0
1538,2023-01-03,16:34:56,5,61,1,4.75,4.75
1539,2023-01-03,16:34:56,5,75,1,3.5,3.5
1540,2023-01-03,16:35:23,8,32,1,3.0,3.0
1541,2023-01-03,16:35:23,8,79,1,3.75,3.75
1542,2023-01-03,16:37:31,3,36,2,3.75,7.5
1543,2023-01-03,16:37:59,8,28,2,2.0,4.0
1544,2023-01-03,16:37:59,8,73,1,3.75,3.75
1545,2023-01-03,16:39:44,5,32,1,3.0,3.0
1546,2023-01-03,16:40:42,8,26,2,3.0,6.0
1547,2023-01-03,16:41:45,8,33,1,3.5,3.5
1548,2023-01-03,16:42:17,3,25,2,2.2,4.4
1549,2023-01-03,16:43:22,5,54,1,2.5,2.5
1550,2023-01-03,16:43:36,3,22,1,2.0,2.0
1551,2023-01-03,16:43:58,5,46,1,2.5,2.5
1552,2023-01-03,16:43:58,5,71,1,3.75,3.75
1553,2023-01-03,16:48:31,3,57,2,3.1,6.2
1554,2023-01-03,16:49:49,5,45,1,3.0,3.0
1555,2023-01-03,16:50:27,8,61,1,4.75,4.75
1556,2023-01-03,16:50:47,5,23,2,2.5,5.0
1557,2023-01-03,16:50:47,5,77,1,3.0,3.0
1558,2023-01-03,16:51:10,3,30,1,3.0,3.0
1559,2023-01-03,16:51:51,8,22,2,2.0,4.0
1560,2023-01-03,16:54:02,8,47,2,3.0,6.0
1561,2023-01-03,16:54:58,8,53,2,3.0,6.0
1562,2023-01-03,16:55:17,8,61,1,4.75,4.75
1563,2023-01-03,16:58:19,3,34,1,2.45,2.45
1564,2023-01-03,16:59:26,5,57,2,3.1,6.2
1565,2023-01-03,17:00:58,5,25,1,2.2,2.2
1566,2023-01-03,17:00:58,5,79,1,3.75,3.75
1567,2023-01-03,17:03:52,3,41,1,4.25,4.25
1568,2023-01-03,17:04:17,3,31,1,2.2,2.2
1569,2023-01-03,17:04:37,5,58,1,3.5,3.5
1570,2023-01-03,17:04:43,8,58,2,3.5,7.0
1571,2023-01-03,17:04:43,8,78,1,4.5,4.5
1572,2023-01-03,17:06:06,5,56,1,2.55,2.55
1573,2023-01-03,17:06:38,8,39,2,4.25,8.5
1574,2023-01-03,17:06:42,8,57,1,3.1,3.1
1575,2023-01-03,17:08:41,5,25,1,2.2,2.2
1576,2023-01-03,17:09:42,8,52,1,2.5,2.5
1577,2023-01-03,17:10:42,3,42,1,2.5,2.5
1578,2023-01-03,17:13:41,5,54,2,2.5,5.0
1579,2023-01-03,17:15:25,5,56,1,2.55,2.55
1580,2023-01-03,17:15:31,5,87,2,3.0,6.0
1581,2023-01-03,17:18:26,8,52,1,2.5,2.5
1582,2023-01-03,17:18:26,8,75,1,3.5,3.5
1583,2023-01-03,17:19:24,3,60,1,3.75,3.75
1584,2023-01-03,17:21:34,8,52,2,2.5,5.0
1585,2023-01-03,17:22:39,3,60,2,3.75,7.5
1586,2023-01-03,17:23:03,3,48,2,2.5,5.0
1587,2023-01-03,17:24:14,3,28,2,2.0,4.0
1588,2023-01-03,17:25:29,8,25,2,2.2,4.4
1589,2023-01-03,17:25:30,5,28,1,2.0,2.0
1590,2023-01-03,17:26:45,5,27,2,3.5,7.0
1591,2023-01-03,17:26:45,5,77,1,3.0,3.0
1592,2023-01-03,17:27:11,8,56,1,2.55,2.55
1593,2023-01-03,17:27:22,5,61,1,4.75,4.75
1594,2023-01-03,17:27:24,8,50,2,2.5,5.0
1595,2023-01-03,17:27:24,8,69,1,3.25,3.25
1596,2023-01-03,17:28:50,8,37,2,3.0,6.0
1597,2023-01-03,17:30:08,3,48,1,2.5,2.5
1598,2023-01-03,17:32:11,8,59,1,4.5,4.5
1599,2023-01-03,17:35:29,8,46,2,2.5,5.0
1600,2023-01-03,17:35:46,3,50,1,2.5,2.5
1601,2023-01-03,17:35:46,3,69,1,3.25,3.25
1602,2023-01-03,17:38:55,3,50,1,2.5,2.5
1603,2023-01-03,17:39:49,5,39,2,4.25,8.5
1604,2023-01-03,17:40:08,8,24,1,3.0,3.0
1605,2023-01-03,17:40:15,3,54,1,2.5,2.5
1606,2023-01-03,17:41:27,3,41,1,4.25,4.25
1607,2023-01-03,17:42:13,3,35,1,3.1,3.1
1608,2023-01-03,17:42:34,5,45,2,3.0,6.0
1609,2023-01-03,17:44:32,3,38,1,3.75,3.75
1610,2023-01-03,17:53:41,3,52,1,2.5,2.5
1611,2023-01-03,17:55:24,5,58,2,3.5,7.0
1612,2023-01-03,17:55:59,3,31,1,2.2,2.2
1613,2023-01-03,17:56:21,3,38,1,3.75,3.75
1614,2023-01-03,17:57:08,5,51,1,3.0,3.0
1615,2023-01-03,17:58:41,5,51,1,3.0,3.0
1616,2023-01-03,17:59:02,8,40,2,3.75,7.5
1617,2023-01-03,17:59:02,8,73,1,3.75,3.75
1618,2023-01-03,18:00:57,3,39,1,4.25,4.25
1619,2023-01-03,18:01:19,3,37,2,3.0,6.0
1620,2023-01-03,18:01:37,3,49,1,3.0,3.0
1621,2023-01-03,18:01:58,3,42,1,2.5,2.5
1622,2023-01-03,18:02:52,3,30,1,3.0,3.0
1623,2023-01-03,18:03:28,3,31,1,2.2,2.2
1624,2023-01-03,18:07:36,8,38,2,3.75,7.5
1625,2023-01-03,18:07:48,3,59,2,4.5,9.0
1626,2023-01-03,18:12:02,3,42,1,2.5,2.5
1627,2023-01-03,18:14:14,3,58,1,3.5,3.5
1628,2023-01-03,18:16:50,3,59,2,4.5,9.0
1629,2023-01-03,18:17:17,5,51,1,3.0,3.0
1630,2023-01-03,18:17:17,5,74,1,3.5,3.5
1631,2023-01-03,18:18:00,8,31,2,2.2,4.4
1632,2023-01-03,18:18:29,8,25,2,2.2,4.4
1633,2023-01-03,18:20:26,3,57,1,3.1,3.1
1634,2023-01-03,18:20:48,3,47,1,3.0,3.0
1635,2023-01-03,18:22:37,3,30,2,3.0,6.0
1636,2023-01-03,18:26:13,3,23,2,2.5,5.0
1637,2023-01-03,18:27:27,3,51,2,3.0,6.0
1638,2023-01-03,18:29:24,3,25,1,2.2,2.2
1639,2023-01-03,18:30:40,3,58,1,3.5,3.5
1640,2023-01-03,18:32:23,8,43,1,3.0,3.0
1641,2023-01-03,18:34:55,8,52,2,2.5,5.0
1642,2023-01-03,18:37:32,8,37,1,3.0,3.0
1643,2023-01-03,18:39:35,8,87,1,3.0,3.0
1644,2023-01-03,18:40:45,3,35,2,3.1,6.2
1645,2023-01-03,18:42:28,3,39,1,4.25,4.25
1646,2023-01-03,18:44:21,8,27,2,3.5,7.0
1647,2023-01-03,18:44:21,8,75,1,3.5,3.5
1648,2023-01-03,18:45:31,3,56,1,2.55,2.55
1649,2023-01-03,18:45:31,3,79,1,3.75,3.75
1650,2023-01-03,18:46:25,3,32,1,3.0,3.0
1651,2023-01-03,18:49:23,3,41,1,4.25,4.25
1652,2023-01-03,18:51:56,3,53,2,3.0,6.0
1653,2023-01-03,18:54:16,8,48,1,2.5,2.5
1654,2023-01-03,18:56:00,3,39,1,4.25,4.25
1655,2023-01-03,18:57:29,3,45,1,3.0,3.0
1656,2023-01-03,18:58:53,3,25,2,2.2,4.4
1657,2023-01-03,18:59:38,8,51,1,3.0,3.0
1658,2023-01-03,19:00:13,3,34,1,2.45,2.45
1659,2023-01-03,19:05:02,8,49,1,3.0,3.0
1660,2023-01-03,19:06:16,8,43,2,3.0,6.0
1661,2023-01-03,19:07:24,3,34,1,2.45,2.45
1662,2023-01-03,19:07:24,3,78,1,4.5,4.5
1663,2023-01-03,19:09:50,3,50,1,2.5,2.5
1664,2023-01-03,19:10:40,3,60,1,3.75,3.75
1665,2023-01-03,19:11:11,3,55,1,4.0,4.0
1666,2023-01-03,19:11:11,3,71,1,3.75,3.75
1667,2023-01-03,19:14:00,3,48,1,2.5,2.5
1668,2023-01-03,19:15:30,3,53,1,3.0,3.0
1669,2023-01-03,19:19:16,3,29,1,2.5,2.5
1670,2023-01-03,19:19:20,8,35,1,3.1,3.1
1671,2023-01-03,19:21:51,8,27,2,3.5,7.0
1672,2023-01-03,19:22:36,8,50,2,2.5,5.0
1673,2023-01-03,19:23:06,3,54,1,2.5,2.5
1674,2023-01-03,19:23:22,8,61,2,4.75,9.5
1675,2023-01-03,19:25:19,3,34,1,2.45,2.45
1676,2023-01-03,19:27:38,8,44,2,2.5,5.0
1677,2023-01-03,19:31:40,3,46,1,2.5,2.5
1678,2023-01-03,19:31:40,3,71,1,3.75,3.75
1679,2023-01-03,19:32:22,8,46,1,2.5,2.5
1680,2023-01-03,19:33:51,3,47,2,3.0,6.0
1681,2023-01-03,19:35:27,3,32,1,3.0,3.0
1682,2023-01-03,19:35:54,8,61,1,4.75,4.75
1683,2023-01-03,19:37:44,3,46,1,2.5,2.5
1684,2023-01-03,19:38:33,3,22,2,2.0,4.0
1685,2023-01-03,19:39:21,3,61,2,4.75,9.5
1686,2023-01-03,19:40:09,8,57,1,3.1,3.1
1687,2023-01-03,19:40:35,8,25,2,2.2,4.4
1688,2023-01-03,19:49:19,8,34,2,2.45,4.9
1689,2023-01-03,19:49:19,8,79,1,3.75,3.75
1690,2023-01-03,19:50:56,3,61,1,4.75,4.75
1691,2023-01-03,19:50:56,3,72,1,3.25,3.25
1692,2023-01-03,19:52:04,3,39,2,4.25,8.5
1693,2023-01-03,19:52:34,8,61,2,4.75,9.5
1694,2023-01-03,19:53:30,3,29,1,2.5,2.5
1695,2023-01-03,19:53:30,3,72,1,3.25,3.25
1696,2023-01-03,19:54:02,8,56,1,2.55,2.55
1697,2023-01-03,19:58:26,8,52,2,2.5,5.0
1698,2023-01-03,19:59:36,3,33,1,3.5,3.5
1699,2023-01-04,07:09:20,5,22,1,2.0,2.0
1700,2023-01-04,07:12:12,5,42,1,2.5,2.5
1701,2023-01-04,07:15:38,5,30,1,3.0,3.0
1702,2023-01-04,07:30:48,5,31,1,2.2,2.2
1703,2023-01-04,07:35:22,5,45,1,3.0,3.0
1704,2023-01-04,07:35:22,5,73,1,3.75,3.75
1705,2023-01-04,07:40:18,5,58,2,3.5,7.0
1706,2023-01-04,07:40:18,5,72,1,3.25,3.25
1707,2023-01-04,07:49:49,5,23,2,2.5,5.0
1708,2023-01-04,08:03:34,8,29,2,2.5,5.0
1709,2023-01-04,08:03:34,8,72,1,3.25,3.25
1710,2023-01-04,08:06:13,8,61,1,4.75,4.75
1711,2023-01-04,08:06:13,8,72,1,3.25,3.25
1712,2023-01-04,08:09:05,8,25,2,2.2,4.4
1713,2023-01-04,08:14:55,8,58,2,3.5,7.0
1714,2023-01-04,08:16:20,5,22,1,2.0,2.0
1715,2023-01-04,08:18:32,8,46,1,2.5,2.5
1716,2023-01-04,08:18:32,8,79,1,3.75,3.75
1717,2023-01-04,08:25:05,8,32,1,3.0,3.0
1718,2023-01-04,08:28:18,5,50,2,2.5,5.0
1719,2023-01-04,08:29:19,5,27,1,3.5,3.5
1720,2023-01-04,08:30:16,8,27,2,3.5,7.0
1721,2023-01-04,08:31:15,5,61,1,4.75,4.75
1722,2023-01-04,08:32:18,5,54,2,2.5,5.0
1723,2023-01-04,08:32:18,5,71,1,3.75,3.75
1724,2023-01-04,08:37:10,8,46,1,2.5,2.5
1725,2023-01-04,08:37:14,8,40,1,3.75,3.75
1726,2023-01-04,08:38:20,8,47,1,3.0,3.0
1727,2023-01-04,08:42:10,5,28,2,2.0,4.0
1728,2023-01-04,08:43:01,8,44,1,2.5,2.5
1729,2023-01-04,08:43:10,8,29,2,2.5,5.0
1730,2023-01-04,08:44:26,8,27,2,3.5,7.0
1731,2023-01-04,08:45:29,8,52,2,2.5,5.0
1732,2023-01-04,08:53:36,5,39,1,4.25,4.25
1733,2023-01-04,08:58:38,8,22,1,2.0,2.0
1734,2023-01-04,09:01:37,8,35,2,3.1,6.2
1735,2023-01-04,09:04:45,5,44,2,2.5,5.0
1736,2023-01-04,09:06:58,5,55,2,4.0,8.0
1737,2023-01-04,09:08:30,8,42,2,2.5,5.0
1738,2023-01-04,09:11:25,5,25,1,2.2,2.2
1739,2023-01-04,09:16:58,5,44,1,2.5,2.5
1740,2023-01-04,09:16:58,5,76,1,3.5,3.5
1741,2023-01-04,09:21:25,5,50,2,2.5,5.0
1742,2023-01-04,09:23:19,8,44,1,2.5,2.5
1743,2023-01-04,09:30:16,8,51,2,3.0,6.0
1744,2023-01-04,09:38:54,8,25,1,2.2,2.2
1745,2023-01-04,09:40:25,5,36,2,3.75,7.5
1746,2023-01-04,09:40:45,5,52,2,2.5,5.0
1747,2023-01-04,09:42:42,5,26,2,3.0,6.0
1748,2023-01-04,09:44:40,8,26,1,3.0,3.0
1749,2023-01-04,09:50:48,5,50,1,2.5,2.5
1750,2023-01-04,09:53:31,8,35,2,3.1,6.2
1751,2023-01-04,09:53:44,8,32,1,3.0,3.0
1752,2023-01-04,09:56:07,8,39,2,4.25,8.5
1753,2023-01-04,09:56:35,5,54,2,2.5,5.0
1754,2023-01-04,09:56:35,5,72,1,3.25,3.25
1755,2023-01-04,09:57:39,5,43,1,3.0,3.0
1756,2023-01-04,09:58:10,8,31,1,2.2,2.2
1757,2023-01-04,10:01:39,8,48,1,2.5,2.5
1758,2023-01-04,10:03:45,5,47,1,3.0,3.0
1759,2023-01-04,10:04:51,8,34,2,2.45,4.9
1760,2023-01-04,10:05:03,5,35,2,3.1,6.2
1761,2023-01-04,10:05:03,5,69,1,3.25,3.25
1762,2023-01-04,10:13:21,8,55,2,4.0,8.0
1763,2023-01-04,10:13:38,8,55,1,4.0,4.0
1764,2023-01-04,10:18:40,5,51,2,3.0,6.0
1765,2023-01-04,10:18:58,8,51,1,3.0,3.0
1766,2023-01-04,10:19:21,8,87,2,3.0,6.0
1767,2023-01-04,10:22:16,8,57,1,3.1,3.1
1768,2023-01-04,10:24:25,5,24,2,3.0,6.0
1769,2023-01-04,10:24:38,5,56,2,2.55,5.1
1770,2023-01-04,10:27:54,5,46,2,2.5,5.0
1771,2023-01-04,10:27:54,5,71,1,3.75,3.75
1772,2023-01-04,10:28:27,8,39,2,4.25,8.5
1773,2023-01-04,10:40:09,8,33,2,3.5,7.0
1774,2023-01-04,10:43:20,5,54,1,2.5,2.5
1775,2023-01-04,11:01:13,3,31,2,2.2,4.4
1776,2023-01-04,11:01:26,8,28,2,2.0,4.0
1777,2023-01-04,11:01:28,8,27,1,3.5,3.5
1778,2023-01-04,11:01:48,3,58,1,3.5,3.5
1779,2023-01-04,11:01:48,3,71,1,3.75,3.75
1780,2023-01-04,11:06:08,3,60,2,3.75,7.5
1781,2023-01-04,11:11:40,5,59,1,4.5,4.5
1782,2023-01-04,11:11:46,5,24,1,3.0,3.0
1783,2023-01-04,11:11:58,5,30,1,3.0,3.0
1784,2023-01-04,11:12:15,8,50,2,2.5,5.0
1785,2023-01-04,11:12:51,3,39,2,4.25,8.5
1786,2023-01-04,11:14:39,8,45,2,3.0,6.0
1787,2023-01-04,11:14:39,8,74,1,3.5,3.5
1788,2023-01-04,11:21:23,8,24,2,3.0,6.0
1789,2023-01-04,11:21:27,8,59,2,4.5,9.0
1790,2023-01-04,11:22:35,8,44,2,2.5,5.0
1791,2023-01-04,11:22:36,8,29,2,2.5,5.0
1792,2023-01-04,11:24:28,3,46,2,2.5,5.0
1793,2023-01-04,11:26:14,3,44,1,2.5,2.5
1794,2023-01-04,11:27:20,8,23,1,2.5,2.5
1795,2023-01-04,11:28:10,8,61,1,4.75,4.75
1796,2023-01-04,11:28:10,8,79,1,3.75,3.75
1797,2023-01-04,11:28:17,3,56,1,2.55,2.55
1798,2023-01-04,11:28:26,5,22,2,2.0,4.0
1799,2023-01-04,11:28:26,5,71,1,3.75,3.75
1800,2023-01-04,11:29:36,5,36,2,3.75,7.5
1801,2023-01-04,11:31:06,8,29,2,2.5,5.0
1802,2023-01-04,11:31:26,3,31,1,2.2,2.2
1803,2023-01-04,11:33:32,8,56,1,2.55,2.55
1804,2023-01-04,11:38:25,3,23,2,2.5,5.0
1805,2023-01-04,11:39:47,8,26,1,3.0,3.0
1806,2023-01-04,11:40:03,3,30,1,3.0,3.0
1807,2023-01-04,11:42:48,3,55,1,4.0,4.0
1808,2023-01-04,11:44:07,3,24,2,3.0,6.0
1809,2023-01-04,11:46:45,8,40,2,3.75,7.5
1810,2023-01-04,11:48:07,3,26,2,3.0,6.0
1811,2023-01-04,11:51:42,8,38,1,3.75,3.75
1812,2023-01-04,11:52:23,8,34,2,2.45,4.9
1813,2023-01-04,11:55:06,5,47,2,3.0,6.0
1814,2023-01-04,11:56:32,3,39,2,4.25,8.5
1815,2023-01-04,11:57:34,8,49,2,3.0,6.0
1816,2023-01-04,11:59:01,8,40,2,3.75,7.5
1817,2023-01-04,11:59:01,8,74,1,3.5,3.5
1818,2023-01-04,11:59:26,5,29,1,2.5,2.5
1819,2023-01-04,12:00:11,5,87,1,3.0,3.0
1820,2023-01-04,12:00:11,5,77,1,3.0,3.0
1821,2023-01-04,12:00:58,3,34,2,2.45,4.9
1822,2023-01-04,12:01:42,3,55,2,4.0,8.0
1823,2023-01-04,12:02:09,3,55,2,4.0,8.0
1824,2023-01-04,12:02:52,5,45,2,3.0,6.0
1825,2023-01-04,12:04:48,8,46,1,2.5,2.5
1826,2023-01-04,12:04:58,5,28,1,2.0,2.0
1827,2023-01-04,12:05:50,8,87,2,3.0,6.0
1828,2023-01-04,12:05:53,3,56,2,2.55,5.1
1829,2023-01-04,12:07:44,3,30,2,3.0,6.0
1830,2023-01-04,12:07:51,3,35,2,3.1,6.2
1831,2023-01-04,12:07:51,3,73,1,3.75,3.75
1832,2023-01-04,12:07:52,3,37,1,3.0,3.0
1833,2023-01-04,12:07:52,3,76,1,3.5,3.5
1834,2023-01-04,12:09:31,8,26,2,3.0,6.0
1835,2023-01-04,12:10:02,5,45,2,3.0,6.0
1836,2023-01-04,12:11:39,5,27,1,3.5,3.5
1837,2023-01-04,12:11:39,5,71,1,3.75,3.75
1838,2023-01-04,12:12:00,3,36,1,3.75,3.75
1839,2023-01-04,12:14:53,5,45,1,3.0,3.0
1840,2023-01-04,12:15:32,8,40,1,3.75,3.75
1841,2023-01-04,12:16:10,5,50,2,2.5,5.0
1842,2023-01-04,12:16:32,3,58,2,3.5,7.0
1843,2023-01-04,12:17:21,5,52,2,2.5,5.0
1844,2023-01-04,12:17:51,3,24,1,3.0,3.0
1845,2023-01-04,12:18:15,3,46,1,2.5,2.5
1846,2023-01-04,12:20:07,3,31,1,2.2,2.2
1847,2023-01-04,12:20:52,3,59,1,4.5,4.5
1848,2023-01-04,12:20:52,3,71,1,3.75,3.75
1849,2023-01-04,12:23:16,8,48,1,2.5,2.5
1850,2023-01-04,12:23:21,3,34,2,2.45,4.9
1851,2023-01-04,12:23:34,5,40,2,3.75,7.5
1852,2023-01-04,12:28:36,3,59,2,4.5,9.0
1853,2023-01-04,12:28:49,3,38,2,3.75,7.5
1854,2023-01-04,12:29:24,3,26,2,3.0,6.0
1855,2023-01-04,12:30:36,3,52,1,2.5,2.5
1856,2023-01-04,12:30:36,3,69,1,3.25,3.25
1857,2023-01-04,12:31:19,3,23,2,2.5,5.0
1858,2023-01-04,12:34:06,8,37,2,3.0,6.0
1859,2023-01-04,12:34:32,8,44,2,2.5,5.0
1860,2023-01-04,12:35:16,8,60,1,3.75,3.75
1861,2023-01-04,12:36:02,3,28,1,2.0,2.0
1862,2023-01-04,12:42:56,8,29,2,2.5,5.0
1863,2023-01-04,12:44:08,5,30,2,3.0,6.0
1864,2023-01-04,12:45:57,5,34,2,2.45,4.9
1865,2023-01-04,12:49:10,8,32,1,3.0,3.0
1866,2023-01-04,12:50:19,5,34,2,2.45,4.9
1867,2023-01-04,12:50:56,8,24,1,3.0,3.0
1868,2023-01-04,12:51:54,3,29,2,2.5,5.0
1869,2023-01-04,12:54:13,8,47,1,3.0,3.0
1870,2023-01-04,12:54:13,8,70,1,3.25,3.25
1871,2023-01-04,12:54:41,8,26,1,3.0,3.0
1872,2023-01-04,12:54:41,8,78,1,4.5,4.5
1873,2023-01-04,12:57:48,3,30,2,3.0,6.0
1874,2023-01-04,12:57:48,3,71,1,3.75,3.75
1875,2023-01-04,12:58:36,3,29,1,2.5,2.5
1876,2023-01-04,12:59:15,3,39,1,4.25,4.25
1877,2023-01-04,12:59:15,3,69,1,3.25,3.25
1878,2023-01-04,12:59:29,3,38,1,3.75,3.75
1879,2023-01-04,13:00:20,5,53,1,3.0,3.0
1880,2023-01-04,13:03:55,8,59,1,4.5,4.5
1881,2023-01-04,13:07:28,8,25,2,2.2,4.4
1882,2023-01-04,13:08:33,8,38,1,3.75,3.75
1883,2023-01-04,13:09:08,3,60,2,3.75,7.5
1884,2023-01-04,13:12:37,3,45,1,3.0,3.0
1885,2023-01-04,13:13:40,3,58,1,3.5,3.5
1886,2023-01-04,13:14:55,3,39,1,4.25,4.25
1887,2023-01-04,13:15:30,5,23,2,2.5,5.0
1888,2023-01-04,13:15:45,3,50,1,2.5,2.5
1889,2023-01-04,13:17:22,3,31,1,2.2,2.2
1890,2023-01-04,13:17:25,3,34,2,2.45,4.9
1891,2023-01-04,13:17:56,3,48,2,2.5,5.0
1892,2023-01-04,13:19:45,5,57,2,3.1,6.2
1893,2023-01-04,13:19:45,5,73,1,3.75,3.75
1894,2023-01-04,13:20:51,3,23,2,2.5,5.0
1895,2023-01-04,13:26:45,3,54,2,2.5,5.0
1896,2023-01-04,13:27:17,8,34,1,2.45,2.45
1897,2023-01-04,13:28:24,5,45,1,3.0,3.0
1898,2023-01-04,13:30:02,3,24,2,3.0,6.0
1899,2023-01-04,13:31:23,3,38,1,3.75,3.75
1900,2023-01-04,13:32:03,3,57,1,3.1,3.1
1901,2023-01-04,13:39:22,3,60,1,3.75,3.75
1902,2023-01-04,13:41:31,8,35,2,3.1,6.2
1903,2023-01-04,13:42:03,8,56,2,2.55,5.1
1904,2023-01-04,13:42:22,8,45,2,3.0,6.0
1905,2023-01-04,13:44:07,8,42,2,2.5,5.0
1906,2023-01-04,13:44:07,8,76,1,3.5,3.5
1907,2023-01-04,13:44:15,5,31,2,2.2,4.4
1908,2023-01-04,13:48:50,3,53,2,3.0,6.0
1909,2023-01-04,13:49:07,5,57,2,3.1,6.2
1910,2023-01-04,13:49:07,5,76,1,3.5,3.5
1911,2023-01-04,13:50:04,3,43,2,3.0,6.0
1912,2023-01-04,13:51:18,3,44,1,2.5,2.5
1913,2023-01-04,13:51:44,3,28,2,2.0,4.0
1914,2023-01-04,13:51:59,8,33,1,3.5,3.5
1915,2023-01-04,13:56:40,5,54,2,2.5,5.0
1916,2023-01-04,13:57:11,3,22,1,2.0,2.0
1917,2023-01-04,13:57:11,3,73,1,3.75,3.75
1918,2023-01-04,13:57:40,3,45,1,3.0,3.0
1919,2023-01-04,13:58:49,3,45,2,3.0,6.0
1920,2023-01-04,13:58:53,3,41,2,4.25,8.5
1921,2023-01-04,13:59:57,3,53,1,3.0,3.0
1922,2023-01-04,14:02:55,8,57,1,3.1,3.1
1923,2023-01-04,14:03:19,3,46,2,2.5,5.0
1924,2023-01-04,14:03:56,5,34,1,2.45,2.45
1925,2023-01-04,14:04:09,5,40,2,3.75,7.5
1926,2023-01-04,14:04:09,5,77,1,3.0,3.0
1927,2023-01-04,14:05:55,5,41,1,4.25,4.25
1928,2023-01-04,14:07:09,5,42,2,2.5,5.0
1929,2023-01-04,14:07:36,3,49,2,3.0,6.0
1930,2023-01-04,14:08:52,3,27,2,3.5,7.0
1931,2023-01-04,14:12:24,3,49,2,3.0,6.0
1932,2023-01-04,14:13:50,8,39,1,4.25,4.25
1933,2023-01-04,14:15:31,5,45,2,3.0,6.0
1934,2023-01-04,14:15:47,8,44,2,2.5,5.0
1935,2023-01-04,14:16:49,5,37,2,3.0,6.0
1936,2023-01-04,14:17:15,8,50,2,2.5,5.0
1937,2023-01-04,14:17:50,3,30,2,3.0,6.0
1938,2023-01-04,14:19:06,5,59,2,4.5,9.0
1939,2023-01-04,14:19:06,5,71,1,3.75,3.75
1940,2023-01-04,14:19:28,5,45,1,3.0,3.0
1941,2023-01-04,14:20:56,5,34,1,2.45,2.45
1942,2023-01-04,14:20:56,5,77,1,3.0,3.0
1943,2023-01-04,14:21:09,3,43,1,3.0,3.0
1944,2023-01-04,14:21:46,3,53,2,3.0,6.0
1945,2023-01-04,14:24:03,8,30,2,3.0,6.0
1946,2023-01-04,14:26:56,8,39,2,4.25,8.5
1947,2023-01-04,14:28:28,5,36,2,3.75,7.5
1948,2023-01-04,14:28:28,5,72,1,3.25,3.25
1949,2023-01-04,14:31:03,8,46,2,2.5,5.0
1950,2023-01-04,14:32:08,8,49,1,3.0,3.0
1951,2023-01-04,14:33:34,5,27,2,3.5,7.0
1952,2023-01-04,14:36:27,3,23,1,2.5,2.5
1953,2023-01-04,14:37:07,5,34,1,2.45,2.45
1954,2023-01-04,14:38:03,8,50,1,2.5,2.5
1955,2023-01-04,14:38:16,5,60,2,3.75,7.5
1956,2023-01-04,14:39:12,3,27,2,3.5,7.0
1957,2023-01-04,14:41:42,3,29,1,2.5,2.5
1958,2023-01-04,14:42:37,5,27,1,3.5,3.5
1959,2023-01-04,14:42:44,5,49,2,3.0,6.0
1960,2023-01-04,14:42:55,8,87,2,3.0,6.0
1961,2023-01-04,14:43:05,8,26,2,3.0,6.0
1962,2023-01-04,14:43:52,5,28,1,2.0,2.0
1963,2023-01-04,14:44:00,8,43,2,3.0,6.0
1964,2023-01-04,14:45:13,3,60,1,3.75,3.75
1965,2023-01-04,14:45:36,3,45,2,3.0,6.0
1966,2023-01-04,14:46:24,8,37,2,3.0,6.0
1967,2023-01-04,14:46:46,3,29,1,2.5,2.5
1968,2023-01-04,14:47:54,8,22,1,2.0,2.0
1969,2023-01-04,14:48:08,3,36,1,3.75,3.75
1970,2023-01-04,14:48:49,8,60,2,3.75,7.5
1971,2023-01-04,14:49:43,3,54,1,2.5,2.5
1972,2023-01-04,14:52:17,8,40,2,3.75,7.5
1973,2023-01-04,14:53:17,5,33,2,3.5,7.0
1974,2023-01-04,14:53:18,3,59,2,4.5,9.0
1975,2023-01-04,14:53:18,3,76,1,3.5,3.5
1976,2023-01-04,14:53:58,8,22,1,2.0,2.0
1977,2023-01-04,14:55:28,8,56,2,2.55,5.1
1978,2023-01-04,14:55:44,5,30,1,3.0,3.0
1979,2023-01-04,14:58:07,3,47,1,3.0,3.0
1980,2023-01-04,14:58:07,3,79,1,3.75,3.75
1981,2023-01-04,14:59:16,3,48,1,2.5,2.5
1982,2023-01-04,15:00:14,3,36,2,3.75,7.5
1983,2023-01-04,15:00:14,3,76,1,3.5,3.5
1984,2023-01-04,15:00:47,5,57,1,3.1,3.1
1985,2023-01-04,15:02:50,3,42,2,2.5,5.0
1986,2023-01-04,15:02:50,3,70,1,3.25,3.25
1987,2023-01-04,15:03:33,5,61,1,4.75,4.75
1988,2023-01-04,15:03:33,5,74,1,3.5,3.5
1989,2023-01-04,15:03:50,8,37,2,3.0,6.0
1990,2023-01-04,15:05:08,3,55,1,4.0,4.0
1991,2023-01-04,15:05:41,3,35,2,3.1,6.2
1992,2023-01-04,15:06:15,3,53,1,3.0,3.0
1993,2023-01-04,15:08:10,3,25,2,2.2,4.4
1994,2023-01-04,15:08:17,3,58,1,3.5,3.5
1995,2023-01-04,15:14:28,3,56,2,2.55,5.1
1996,2023-01-04,15:16:24,8,50,2,2.5,5.0
1997,2023-01-04,15:16:29,8,41,2,4.25,8.5
1998,2023-01-04,15:17:02,8,60,1,3.75,3.75
1999,2023-01-04,15:17:31,5,87,2,3.0,6.0
